PO Key,PO Date,Customer Key,Quotation ID,Sales Rep 1,PO Amt v2,GST Perc,GST Amt,Total aft GST
cd9877d9,10/1/2022 0:00,vwjM9hSH4s,d9238171,,0,,,
6cb2654a,11/1/2022 0:00,2mBWQiax6J,d3bdbd17,,5998.2,,,
75e0e647,12/1/2022 0:00,6460ff92,cda6636f,3E98Omn83X,785.2,,,
32daad68,13/1/2022 0:00,fEXeW6R1J3,1fddf80a,8X5EJG61Hk,881,,,
0bf6f902,13/1/2022 0:00,39N5vR34gp,09d4b3e1,8X5EJG61Hk,2269.1,,,
0358eaf9,13/1/2022 0:00,g084484ZO9,fdb0e910,8X5EJG61Hk,688,,,
35036617,13/1/2022 0:00,79hR9tOBwB,f4fe6ff4,8X5EJG61Hk,586,,,
b47ec6a8,14/1/2022 0:00,b911b807,0ec522ee,3E98Omn83X,977.4,,,
b8d505e6,14/1/2022 0:00,1956cd18,76220112,3E98Omn83X,660,,,
08816f71,14/1/2022 0:00,5bdH431NVo,9064b2ce,8X5EJG61Hk,3214,,,
70d524d8,14/1/2022 0:00,lD89r7qsyL,ca3dd089,8X5EJG61Hk,1560,,,
e7badf7d,14/1/2022 0:00,5q282qed0R,377a5c65,,472,,,
9873a50f,14/1/2022 0:00,4I3HDTm7GG,f330997a,8X5EJG61Hk,483,,,
827ccf7d,17/1/2022 0:00,8qbgngVgJ0,d563af47,3E98Omn83X,468,,,
c127df63,17/1/2022 0:00,jpZSXU2A8V,783b9126,8X5EJG61Hk,111,,,
fb5152af,17/1/2022 0:00,jpZSXU2A8V,783b9126,8X5EJG61Hk,322,,,
e1797025,17/1/2022 0:00,vwjM9hSH4s,18b4fd12,,0,,,
ae76f8d9,17/1/2022 0:00,xEK6r63Cy3,ffbb13d1,3E98Omn83X,210,,,
4eb0421e,17/1/2022 0:00,673afc11,feed779a,,176,,,
0022ac40,17/1/2022 0:00,43fb1479,c3c939d6,8X5EJG61Hk,484,,,
6a126ca2,18/1/2022 0:00,4Yk09HecPy,3cd276da,8X5EJG61Hk,3572.02,,,
ea27d975,18/1/2022 0:00,X2ywZ9GnQE,a596491e,8X5EJG61Hk,5657.93,,,
fdf0451e,11/1/2022 0:00,HuraT82YGW,0e29525e,8X5EJG61Hk,918.4,,,
c633625a,18/1/2022 0:00,0fc805bf,bf82c3c0,3E98Omn83X,3864,,,
5796fbf0,19/1/2022 0:00,06suB5p2mX,3143c1a4,3E98Omn83X,460,,,
2421929e,19/1/2022 0:00,06suB5p2mX,3143c1a4,3E98Omn83X,378,,,
efb5e383,20/1/2022 0:00,2mBWQiax6J,4fc843f3,8X5EJG61Hk,5764,,,
eb411f58,20/1/2022 0:00,4WD4e3BQj1,be4c4f68,,4882,,,
23b9ab0d,20/1/2022 0:00,fvIH3Ur1DW,4971f5ed,8X5EJG61Hk,2905,,,
f700d8d5,21/1/2022 0:00,6AyX6y7B9p,cdab0f97,8X5EJG61Hk,3842,,,
17ecb354,21/1/2022 0:00,fEXeW6R1J3,9c4d8c2f,8X5EJG61Hk,776.2,,,
bc2c9f37,24/1/2022 0:00,1QjSD5K2L8,f3e3e096,3E98Omn83X,1193,,,
ae603a6c,24/1/2022 0:00,95be4153,f942aea8,,560,,,
d8ef8646,24/1/2022 0:00,ggx24SP0Ql,f8f99b32,8X5EJG61Hk,1670,,,
d8263659,24/1/2022 0:00,cc6c5bdc,8dc4b3cf,8X5EJG61Hk,803,,,
20e7d317,24/1/2022 0:00,jCh0R09xTJ,93248353,8X5EJG61Hk,648,,,
4461ee74,24/1/2022 0:00,vwjM9hSH4s,18b4fd12,,3349.5,,,
8582ab63,25/1/2022 0:00,j6v26jLuwm,67f30b6f,,2900,,,
717303ed,26/1/2022 0:00,53281641,1e9dcb0e,8X5EJG61Hk,838,,,
e605b506,26/1/2022 0:00,8Nzo71FGPE,dd03ed62,3E98Omn83X,3327,,,
408e05b5,27/1/2022 0:00,b48e8c5f,7e82d0bc,8X5EJG61Hk,429,,,
7329fcdc,27/1/2022 0:00,0d7dcda7,bb35ab37,8X5EJG61Hk,241,,,
0f90c512,28/1/2022 0:00,Ss1dWMP4hX,f54c33a3,8X5EJG61Hk,1582,,,
ca459200,28/1/2022 0:00,W1xrXd4C1W,7506fc40,,37800,,,
b54fe952,31/1/2022 0:00,VCvp286I3Q,4f88ba83,3E98Omn83X,963,,,
154583b2,7/2/2022 0:00,fEXeW6R1J3,c54446f0,8X5EJG61Hk,644,,,
9444fce4,7/2/2022 0:00,H65cij0dBc,dd8017be,8X5EJG61Hk,60,,,
521c1273,9/2/2022 0:00,VCvp286I3Q,a1cb2249,,369,,,
a1b114a0,9/2/2022 0:00,41I4EvJB02,81a39130,8X5EJG61Hk,3801,,,
823988f5,10/2/2022 0:00,31h6x6N35A,89791c50,8X5EJG61Hk,567,,,
c8b50483,10/2/2022 0:00,2rHQ5q2g6a,923d287d,8X5EJG61Hk,4968,,,
2fefb0e8,11/2/2022 0:00,1w5H2WCoXZ,314a2760,3E98Omn83X,800,,,
4aad84b6,11/2/2022 0:00,L9sXyUZtXD,802e8ad0,8X5EJG61Hk,779,,,
7d39fd5c,11/2/2022 0:00,xw71fJ415b,2549b12e,,3631,,,
b71ce702,14/2/2022 0:00,be19c1e3,43b5cac0,8X5EJG61Hk,381,,,
d04af837,15/2/2022 0:00,Ss1dWMP4hX,45b7a940,8X5EJG61Hk,485,,,
3c078d56,15/2/2022 0:00,FOxPJznvAx,1aaa3cfa,,1696,,,
ea50e317,15/2/2022 0:00,48iGKBLCt6,23a12a7a,8X5EJG61Hk,760,,,
212942b9,15/2/2022 0:00,1w5H2WCoXZ,0bc787a2,3E98Omn83X,473,,,
ecd98130,16/2/2022 0:00,4ZRd9NGZZQ,da892ca6,3E98Omn83X,562,,,
d29fc2f9,16/2/2022 0:00,4ZRd9NGZZQ,90fc6023,3E98Omn83X,651,,,
f936107b,16/2/2022 0:00,fEXeW6R1J3,187508ca,8X5EJG61Hk,767,,,
9adf86a5,16/2/2022 0:00,07UkT3V9b1,6c0abc88,3E98Omn83X,872,,,
6e94bac5,16/2/2022 0:00,4Yk09HecPy,ef0903be,,5757,,,
fbdcc4d7,16/2/2022 0:00,lRbOdn1f5e,cc700de6,8X5EJG61Hk,2542.24,,,
3dbc5283,16/2/2022 0:00,2mBWQiax6J,9ededc84,8X5EJG61Hk,5886,,,
e0300fad,28/11/2022 0:00,fvIH3Ur1DW,ef679a3c,8X5EJG61Hk,1393,,,
6fe891cf,17/2/2022 0:00,8Nzo71FGPE,0010cc5a,3E98Omn83X,600,,,
4f4b4ac9,18/2/2022 0:00,15jpR2Djf1,edbc8c05,,4860,,,
e170b8e4,18/2/2022 0:00,naic6d0imR,516ea7e5,3E98Omn83X,558,,,
73c7864d,18/2/2022 0:00,8Nzo71FGPE,ddac54e2,3E98Omn83X,2046,,,
c7a74cfa,18/2/2022 0:00,g084484ZO9,7a38d6a4,,2983.86,,,
d7e28087,18/2/2022 0:00,0a0f9e01,688f4e1e,8X5EJG61Hk,540.9,,,
b86f73da,22/2/2022 0:00,jjC9BO9046,18d9c25e,3E98Omn83X,280,,,
a4337f70,23/2/2022 0:00,4f39f7be,a712ef39,8X5EJG61Hk,1228.64,,,
964ec3bd,23/2/2022 0:00,64ot8mATSB,383de1ac,,0,,,
f23f65bf,14/2/2022 0:00,OCyg84BDvJ,9aaa13e0,,632,,,
3caa535f,23/2/2022 0:00,YRDfn5Wf9O,8928f462,8X5EJG61Hk,201,,,
65442778,22/2/2022 0:00,1c73fd10,46b38705,8X5EJG61Hk,2950,,,
f511b381,23/2/2022 0:00,X2ywZ9GnQE,587c57bd,8X5EJG61Hk,2950,,,
0221f0d8,24/2/2022 0:00,FOxPJznvAx,765b4efb,,5925,,,
7ed73a85,24/2/2022 0:00,I51lshr5ZM,d0ccd26f,8X5EJG61Hk,2534.99,,,
8a17ff3b,24/2/2022 0:00,vwjM9hSH4s,3297daf1,,3090,,,
4be13d6e,24/2/2022 0:00,fvIH3Ur1DW,96f0cd34,8X5EJG61Hk,692,,,
1f71a3e5,25/2/2022 0:00,bcd08322,2d90ce86,8X5EJG61Hk,4797,,,
369fc609,25/2/2022 0:00,4DS6poaMwG,5f3cab5d,3E98Omn83X,550,,,
ac1e9ca3,28/2/2022 0:00,6Lwm5z7Yj9,7b9d8c0e,8X5EJG61Hk,2664,,,
a070b41e,28/2/2022 0:00,W1xrXd4C1W,9227f120,,27399.35,,,
8c95ada4,28/2/2022 0:00,6n9h7u47e8,9a68c471,,12977.95,,,
67b80c7c,28/2/2022 0:00,fvIH3Ur1DW,f0b6c447,8X5EJG61Hk,2624,,,
18833df0,28/2/2022 0:00,3MgTz1s36U,3671a9bf,3E98Omn83X,4038,,,
34873862,1/3/2022 0:00,g084484ZO9,909600ac,8X5EJG61Hk,342,,,
76b34685,1/3/2022 0:00,4WD4e3BQj1,3c499c11,,4471,,,
175cd3b9,24/2/2022 0:00,fEXeW6R1J3,4e353f89,8X5EJG61Hk,760,,,
ef86cc98,1/3/2022 0:00,5fiS378Rr1,7b365376,3E98Omn83X,1130,,,
fec619d0,1/3/2022 0:00,xEK6r63Cy3,35f50e8e,,275,,,
8b07faa1,2/3/2022 0:00,ygrNSaz4bh,c43bbd41,,2140,,,
dbf777a7,2/3/2022 0:00,jpZSXU2A8V,84571b69,8X5EJG61Hk,378.98,,,
eb0c811c,3/3/2022 0:00,MGWf4062EF,d7769d6e,3E98Omn83X,798,,,
9facd465,3/3/2022 0:00,6n9h7u47e8,b92dc7fb,,8781.17,,,
24ca9549,4/3/2022 0:00,Sjd5ocDqmp,16ecc47a,3E98Omn83X,1690,,,
59abe2fd,4/3/2022 0:00,31h6x6N35A,3f03c3e9,8X5EJG61Hk,49,,,
44324b99,4/3/2022 0:00,3MgTz1s36U,6dd5f6b8,3E98Omn83X,5883,,,
b58a33a0,4/3/2022 0:00,3MgTz1s36U,41755dc0,3E98Omn83X,4370,,,
23249567,7/3/2022 0:00,xRW3mYR957,59f130d7,3E98Omn83X,201,,,
c02c16bc,7/3/2022 0:00,159uhrD8su,2e086f00,8X5EJG61Hk,7023.3,,,
e2a908d5,7/3/2022 0:00,31h6x6N35A,14ad02a9,8X5EJG61Hk,74,,,
9bd72cdb,7/3/2022 0:00,3MgTz1s36U,eb886f92,3E98Omn83X,4756.99,,,
5c9e09e7,8/3/2022 0:00,a02f5a82,ffb433b1,,2204,,,
2c8ed4f1,8/3/2022 0:00,oBZ1jj29Q9,b40e629e,,1545.98,,,
f990942c,8/3/2022 0:00,4DS6poaMwG,2d5b8bb7,3E98Omn83X,236,,,
27e1eeef,9/3/2022 0:00,y3rYf2f9gy,b92c4600,3E98Omn83X,566,,,
041ffe94,9/3/2022 0:00,mBB4FCi2BK,2be0bc70,,1004.1,,,
8647e1ed,9/3/2022 0:00,1b04ee43,e1105df9,3E98Omn83X,3815,,,
cd25aec2,9/3/2022 0:00,1w5H2WCoXZ,4be726a5,3E98Omn83X,4950,,,
11908e2a,9/3/2022 0:00,6613f2d7,4f6056ba,8X5EJG61Hk,2670,,,
07b090a9,9/3/2022 0:00,fb713344,461010f7,8X5EJG61Hk,2975,,,
345446eb,9/3/2022 0:00,Pox366MK2r,3efe065d,8X5EJG61Hk,2922,,,
6d3b15a9,10/3/2022 0:00,39N5vR34gp,41946148,8X5EJG61Hk,810.02,,,
adbc226b,10/3/2022 0:00,0fc805bf,1321768b,3E98Omn83X,1221,,,
a38d194d,10/3/2022 0:00,y3rYf2f9gy,4c84bab4,3E98Omn83X,1662,,,
278290bb,10/3/2022 0:00,0fc805bf,987f747c,3E98Omn83X,4510,,,
fb9b7652,10/3/2022 0:00,j6v26jLuwm,6ddd14ad,,5967,,,
f5c8cf82,10/3/2022 0:00,j6v26jLuwm,834ac869,,1953,,,
a6c6f08a,10/3/2022 0:00,fvIH3Ur1DW,14123338,8X5EJG61Hk,336,,,
ea32643e,10/3/2022 0:00,fvIH3Ur1DW,8e1e409f,8X5EJG61Hk,1560,,,
ec9b51e9,11/3/2022 0:00,3PMyW67W67,02386db7,3E98Omn83X,2549,,,
ab1e9677,11/3/2022 0:00,e6666cbb,1b10f1e6,8X5EJG61Hk,532,,,
41468156,11/3/2022 0:00,e6666cbb,1b10f1e6,8X5EJG61Hk,1574.5,,,
8f7918f7,11/3/2022 0:00,5bdH431NVo,5398f4b9,8X5EJG61Hk,2760,,,
4f05433c,14/3/2022 0:00,506af81b,3d227399,8X5EJG61Hk,966,,,
e23c641c,15/3/2022 0:00,f374Qy83SV,9f588aa9,,861,,,
c205b17f,15/3/2022 0:00,1QjSD5K2L8,fcb54429,3E98Omn83X,200,,,
dc4e5888,15/3/2022 0:00,g084484ZO9,9a05933d,8X5EJG61Hk,828,,,
284ab68b,15/3/2022 0:00,xhT0E4h7iP,3f27117d,8X5EJG61Hk,1568,,,
f05f49d5,16/3/2022 0:00,Ss1dWMP4hX,3b96014b,8X5EJG61Hk,320,,,
05042d83,16/3/2022 0:00,RZtZBelX7w,8f57fa1c,,1075.3,,,
482fe3e2,16/3/2022 0:00,AQ6LQGkxDX,d97f0ea1,8X5EJG61Hk,100,,,
ec624f20,16/3/2022 0:00,4WD4e3BQj1,b5354418,,935,,,
b765616c,18/3/2022 0:00,4DS6poaMwG,7ce5fbfe,3E98Omn83X,444,,,
6ee374ad,18/3/2022 0:00,bbd2f7c9,a247836c,3E98Omn83X,2079,,,
13c7b76b,18/3/2022 0:00,5b4e72bc,6ecb6f37,,167.31,,,
5a5ba330,18/3/2022 0:00,3ae63be1,0bf94d11,,190,,,
4c494a70,18/3/2022 0:00,UzdUJe146M,7fcddd93,8X5EJG61Hk,1227,,,
99f869c0,18/3/2022 0:00,4WD4e3BQj1,4c46fa9b,,5028,,,
3fff876d,18/3/2022 0:00,TELcJA9M9q,98e59a2e,3E98Omn83X,313,,,
a5aeb884,18/3/2022 0:00,0fc805bf,9635c1a2,3E98Omn83X,657.2,,,
1f018fab,18/3/2022 0:00,hL800efJnq,ac154fef,,457.07,,,
7745f19f,18/3/2022 0:00,hL800efJnq,176ac279,8X5EJG61Hk,281.02,,,
418f1903,18/3/2022 0:00,fEXeW6R1J3,b5765023,8X5EJG61Hk,948,,,
d7419db8,18/3/2022 0:00,j6v26jLuwm,985eefae,,1156,,,
0cd40649,21/3/2022 0:00,6AyX6y7B9p,72f10968,8X5EJG61Hk,5975,,,
0242ad64,21/3/2022 0:00,XIy2CiF5zT,1841d980,8X5EJG61Hk,558,,,
fdc3393a,22/3/2022 0:00,4a9af5d4,29d52ee9,8X5EJG61Hk,896,,,
6899570f,22/3/2022 0:00,hnzo75eojx,0f6cb0e0,3E98Omn83X,1551,,,
09f0c702,22/3/2022 0:00,N6QXxBprMz,9fdf1883,8X5EJG61Hk,4617,,,
dc40b7a7,23/3/2022 0:00,1w5H2WCoXZ,b3ef594f,,1075.3,,,
0af394a5,23/3/2022 0:00,TELcJA9M9q,ef8edceb,3E98Omn83X,2020,,,
7d8e9a0a,24/3/2022 0:00,88339719,f21e37d9,,234.85,,,
cf2e10d5,24/3/2022 0:00,bcd08322,8dd3e084,8X5EJG61Hk,3661,,,
1a83e74f,24/3/2022 0:00,4Yk09HecPy,215786d7,,5173,,,
c4d0aed2,25/3/2022 0:00,6f0r25MOht,e22b6c36,8X5EJG61Hk,129,,,
2bc6af56,25/3/2022 0:00,4f18u3537C,f0487c84,3E98Omn83X,690,,,
c72ec621,25/3/2022 0:00,6AyX6y7B9p,7a576bb0,8X5EJG61Hk,3007,,,
a979b0fd,25/3/2022 0:00,XpP0Bn0s55,91fbb4d8,,1565.01,,,
c59e14f3,25/3/2022 0:00,f63e6d5a,b0300ca7,5JZoDxoN8a,1790,,,
b6627694,25/3/2022 0:00,cc6c5bdc,32457b7c,8X5EJG61Hk,4657,,,
4b5f192f,25/3/2022 0:00,fEXeW6R1J3,29c72f73,8X5EJG61Hk,733,,,
0ce9a106,28/3/2022 0:00,XpP0Bn0s55,69fbc187,,223.75,,,
6be793ab,28/3/2022 0:00,Y2MYCQ56NK,ea92b1f7,3E98Omn83X,226,,,
2423a635,31/3/2022 0:00,uNzP6QTAl5,bbaa4473,8X5EJG61Hk,5455.01,,,
e5713f2b,1/4/2022 0:00,rAmb9tQZRc,0345cbe0,,3505.5,,,
3aee9800,1/4/2022 0:00,GHbrZ9WLG3,1b936f57,8X5EJG61Hk,871,,,
9d18bc50,4/4/2022 0:00,b0Aif96VUF,08c436bd,3E98Omn83X,5866,,,
0d6f1c27,4/4/2022 0:00,8qbgngVgJ0,24bfabe5,,1603.01,,,
905ba837,4/4/2022 0:00,0WoOQFQSLY,931e5fd1,8X5EJG61Hk,5886,,,
04fbeb19,24/3/2022 0:00,f3d429eb,3b672156,8X5EJG61Hk,305.99,,,
02cc1cbb,5/4/2022 0:00,HCXlM3d1LR,f719ca08,8X5EJG61Hk,2453,,,
eabf3509,5/4/2022 0:00,fEXeW6R1J3,7fe05fec,8X5EJG61Hk,956.97,,,
3c526c24,6/4/2022 0:00,3d2c0780,e9e2cd89,5JZoDxoN8a,398.03,,,
26b6c3b4,6/4/2022 0:00,885d18dd,8057ef08,,317.6,,,
9afe92b1,6/4/2022 0:00,0316535c,7b83d9e1,,1207.14,,,
ca711fef,6/4/2022 0:00,0316535c,7b83d9e1,,1207.14,,,
93bb8587,6/4/2022 0:00,74ffdf05,5cf0c527,5JZoDxoN8a,1102,,,
4805b86e,6/4/2022 0:00,b0Aif96VUF,7aa60226,3E98Omn83X,5728,,,
efc95613,6/4/2022 0:00,b0Aif96VUF,f124c288,3E98Omn83X,3460,,,
ef1c6558,7/4/2022 0:00,ec3a2d0c,c72d5220,5JZoDxoN8a,5535,,,
1b09857e,8/4/2022 0:00,f374Qy83SV,5e9232ec,3E98Omn83X,5942,,,
beddd55c,8/4/2022 0:00,39N5vR34gp,b961b009,8X5EJG61Hk,233.01,,,
648848fd,8/4/2022 0:00,4DS6poaMwG,caee2283,3E98Omn83X,130,,,
604e3ff6,8/4/2022 0:00,6484de0b,aa213252,3E98Omn83X,253,,,
5ac88f53,8/4/2022 0:00,85b59abf,6a82668c,,795,,,
dec890ae,8/4/2022 0:00,taVC7LD6U1,60b9901b,3E98Omn83X,672,,,
d3e3af0a,8/4/2022 0:00,d1d2de33,783200f3,8X5EJG61Hk,1412,,,
ebc4e608,8/4/2022 0:00,39N5vR34gp,f01879fd,8X5EJG61Hk,3070.04,,,
95f5b4d0,11/4/2022 0:00,a2a70b56,9df4765a,8X5EJG61Hk,349,,,
3e075a33,11/4/2022 0:00,oBZ1jj29Q9,0acfbd65,5JZoDxoN8a,4591.95,,,
6ece3a77,12/4/2022 0:00,Ss1dWMP4hX,2ee609d5,8X5EJG61Hk,520,,,
ee5e1054,13/4/2022 0:00,UzdUJe146M,435e8c0c,8X5EJG61Hk,2984,,,
42d2fbec,13/4/2022 0:00,Z3UDr9nQA8,bce1cc5e,3E98Omn83X,923,,,
4701790e,13/4/2022 0:00,15jpR2Djf1,01ac7c23,5JZoDxoN8a,2238,,,
375543ec,13/4/2022 0:00,15jpR2Djf1,f1a1f295,5JZoDxoN8a,2937,,,
d18c5d57,13/4/2022 0:00,4a9af5d4,654e28bf,8X5EJG61Hk,784,,,
72a6ea76,13/4/2022 0:00,7a686853,1113ec86,8X5EJG61Hk,1581,,,
f5689808,14/4/2022 0:00,4O5G9tNusl,3ac4cf9c,3E98Omn83X,2223.5,,,
5e33fe62,14/4/2022 0:00,fEXeW6R1J3,9dbe74d5,8X5EJG61Hk,819,,,
93701038,14/4/2022 0:00,39N5vR34gp,e6fa1f95,8X5EJG61Hk,2898,,,
be270467,14/4/2022 0:00,8qbgngVgJ0,c0a81ef3,,8192,,,
7b0061b3,14/4/2022 0:00,39N5vR34gp,36128f0a,8X5EJG61Hk,115,,,
ad71266d,14/4/2022 0:00,39N5vR34gp,47a1ec59,8X5EJG61Hk,103,,,
531efcbc,18/4/2022 0:00,xEK6r63Cy3,503f11f5,3E98Omn83X,789,,,
8eb4d4b4,18/4/2022 0:00,8rX3c9V1OO,c8d9e16e,3E98Omn83X,337,,,
f7c26ad3,19/4/2022 0:00,GMs8OdU4s1,2c12b622,8X5EJG61Hk,493,,,
34cf5a48,19/4/2022 0:00,hL800efJnq,952be7b8,8X5EJG61Hk,2032,,,
c7272049,19/4/2022 0:00,Q8nomXWRc2,e2092fe0,3E98Omn83X,5899.04,,,
4be85bdb,19/4/2022 0:00,jjC9BO9046,cc2f811f,3E98Omn83X,555,,,
2d605419,19/4/2022 0:00,edcdbe0d,0e7e757a,,371,,,
73dd247c,20/4/2022 0:00,f63e6d5a,2f1b65c9,8X5EJG61Hk,1461,,,
e4133cfa,20/4/2022 0:00,4fa30fe5,2c02f582,8X5EJG61Hk,790.01,,,
61ad448f,20/4/2022 0:00,Y2MYCQ56NK,f9771ae1,8X5EJG61Hk,1081,,,
f12f79d5,20/4/2022 0:00,j3bHOnoQdu,fe2a0f5a,3E98Omn83X,330,,,
26f1aa3e,20/4/2022 0:00,06suB5p2mX,680ba42f,3E98Omn83X,4220.99,,,
3790fc48,20/4/2022 0:00,06suB5p2mX,09e7108f,3E98Omn83X,168,,,
bc644bfa,21/4/2022 0:00,VCrR9IvzfA,15bdbe23,5JZoDxoN8a,5427.95,,,
a81f9e70,21/4/2022 0:00,101360fb,3bee8c92,,629.06,,,
71702c8f,21/4/2022 0:00,uNzP6QTAl5,bbaa4473,8X5EJG61Hk,5455.01,,,
4f96853e,22/4/2022 0:00,Q8nomXWRc2,be1604b6,3E98Omn83X,3298,,,
9643edb8,22/4/2022 0:00,8z4IYYaYdd,ca3eb88e,5JZoDxoN8a,625,,,
d933605d,22/4/2022 0:00,bcd08322,d39f2e65,8X5EJG61Hk,3480.99,,,
3703a86d,25/4/2022 0:00,MvZ970O57a,346bb580,,2274,,,
8f45f281,25/4/2022 0:00,HCXlM3d1LR,9115ea2f,8X5EJG61Hk,5965,,,
537aedf9,11/4/2022 0:00,taVC7LD6U1,969030d9,3E98Omn83X,165,,,
d9b0c35e,26/4/2022 0:00,Y2MYCQ56NK,dd60fc09,,493,,,
1397f093,26/4/2022 0:00,0fc805bf,a15556ab,3E98Omn83X,337,,,
cdc415d0,27/4/2022 0:00,1b04ee43,a4e227f7,3E98Omn83X,3115,,,
cee2edd1,27/4/2022 0:00,4f18u3537C,fa4fd31e,3E98Omn83X,545,,,
7588Beb2,27/4/2022 0:00,HCXlM3d1LR,7acbafcd,8X5EJG61Hk,5794,,,
96b666f1,27/4/2022 0:00,f63e6d5a,153582fb,8X5EJG61Hk,441,,,
c31264df,27/4/2022 0:00,af0b8607,55c59788,3E98Omn83X,694,,,
03495ae3,28/4/2022 0:00,c12ca06c,511be30e,,191.67,,,
24c90127,28/4/2022 0:00,FIc17Ck457,e8c075ab,8X5EJG61Hk,2707.92,,,
b8980a18,29/4/2022 0:00,rAmb9tQZRc,1c9f1e1e,,246,,,
567eb903,29/4/2022 0:00,4Yk09HecPy,25dfeaba,8X5EJG61Hk,4074,,,
c0f61a76,29/4/2022 0:00,81bea910,18dfbbdb,,440,,,
493e17c9,29/4/2022 0:00,j6v26jLuwm,78737400,8X5EJG61Hk,565,,,
24245b3b,4/5/2022 0:00,bd4504b5,9a5433d1,,353,,,
2b95a5a6,4/5/2022 0:00,787efa05,4fcda36c,8X5EJG61Hk,622,,,
1e2fc106,4/5/2022 0:00,ccc73f5b,791115fd,,903.75,,,
3aeb73c3,4/5/2022 0:00,vwjM9hSH4s,45552f37,3E98Omn83X,2287,,,
b5282949,4/5/2022 0:00,af0b8607,b560a1d7,,1620,,,
59b0e522,4/5/2022 0:00,WL91eH602H,75c7fea9,3E98Omn83X,3549,,,
6600c2a7,4/5/2022 0:00,j3bHOnoQdu,17ee0b61,3E98Omn83X,615,,,
0c482867,4/5/2022 0:00,z0I0Z6U6nv,afb96c82,8X5EJG61Hk,2602.21,,,
144cf9a2,4/5/2022 0:00,mBB4FCi2BK,ad763bd7,3E98Omn83X,502,,,
b35ad3c9,5/5/2022 0:00,b99e96ff,064c3375,8X5EJG61Hk,2585.01,,,
ba7e769d,5/5/2022 0:00,6462402c,7908bf92,8X5EJG61Hk,309.97,,,
e9183269,5/5/2022 0:00,g084484ZO9,8b2845d3,8X5EJG61Hk,1935.99,,,
b3fdc4bd,6/5/2022 0:00,z0I0Z6U6nv,40df4f10,8X5EJG61Hk,62,,,
13b53c74,6/5/2022 0:00,5bdH431NVo,fce3a781,8X5EJG61Hk,3268,,,
a3e5f573,6/5/2022 0:00,xRW3mYR957,e37a781b,3E98Omn83X,7233,,,
3b30bb38,9/5/2022 0:00,f63e6d5a,2e73eba0,8X5EJG61Hk,3838,,,
99c197c9,9/5/2022 0:00,47dc23c1,db57d90e,8X5EJG61Hk,3904,,,
f6d083d5,9/5/2022 0:00,6460ff92,0c8d8185,5JZoDxoN8a,396,,,
0070df64,9/5/2022 0:00,2ab2c37f,c3118017,3E98Omn83X,204.31,,,
61be16bd,9/5/2022 0:00,fEXeW6R1J3,973f8a76,8X5EJG61Hk,589.01,,,
cfdfd92f,10/5/2022 0:00,251PSO8sz1,4b391c1a,,365,,,
ac8b2715,11/5/2022 0:00,0Kelg0pVDL,ed0acdd6,8X5EJG61Hk,874,,,
abcf7910,11/5/2022 0:00,lD89r7qsyL,6dfeac7f,8X5EJG61Hk,88953,,,
85d21095,11/5/2022 0:00,bcd08322,fd3c8698,8X5EJG61Hk,1190,,,
422f7cf1,11/5/2022 0:00,TELcJA9M9q,e7d66529,3E98Omn83X,946,,,
3d00285e,12/5/2022 0:00,f374Qy83SV,4ac03fa4,3E98Omn83X,4830.98,,,
c0ab5009,13/5/2022 0:00,e6666cbb,a8a19b4e,8X5EJG61Hk,589,,,
8ff8894b,13/5/2022 0:00,VLSxI59801,3b93d4b1,3E98Omn83X,189,,,
1e2d5836,13/5/2022 0:00,ggx24SP0Ql,4085c363,8X5EJG61Hk,549,,,
989a5ec7,13/5/2022 0:00,1f6et5pP1O,ee1cc3f7,,5059.8,,,
8cd27055,17/5/2022 0:00,fvIH3Ur1DW,5333a266,8X5EJG61Hk,1483,,,
37cbde16,17/5/2022 0:00,f25fed48,e8ac690e,,213,,,
699f9bc5,17/5/2022 0:00,Q8nomXWRc2,3ee0024e,3E98Omn83X,3571.92,,,
a6ca0010,17/5/2022 0:00,75bd0e2c,84e18ce8,3E98Omn83X,225,,,
c33f9412,17/5/2022 0:00,5fiS378Rr1,025d1a3b,3E98Omn83X,4064.03,,,
0278666a,18/5/2022 0:00,ec3a2d0c,4599d5aa,,213,,,
d4213090,18/5/2022 0:00,VCrR9IvzfA,6956a258,,2163,,,
8ad69bd3,18/5/2022 0:00,W6xnb5jXIF,57df314d,8X5EJG61Hk,969.02,,,
4f35f86e,18/5/2022 0:00,hL800efJnq,e917eddd,8X5EJG61Hk,519,,,
10799a9d,18/5/2022 0:00,a5580ba7,a15af0bb,3E98Omn83X,304,,,
2307d009,18/5/2022 0:00,75bd0e2c,205d89a3,3E98Omn83X,112,,,
368ba036,19/5/2022 0:00,Sjd5ocDqmp,94533f2f,3E98Omn83X,508,,,
dc7710b0,19/5/2022 0:00,07acaa1f,5470633e,,901.8,,,
fd444a72,19/5/2022 0:00,07acaa1f,09ef70e3,,432,,,
bb1e59e1,19/5/2022 0:00,e50ead61,1552944d,3E98Omn83X,445.4,,,
6912b81d,19/5/2022 0:00,4u7s55Vw34,14e1330a,3E98Omn83X,915,,,
047ea889,20/5/2022 0:00,lD89r7qsyL,e33aa5a2,8X5EJG61Hk,19947,,,
dc10b267,20/5/2022 0:00,22b4b671,14968816,,697,,,
89b01a5a,20/5/2022 0:00,Y2MYCQ56NK,15c6ed72,3E98Omn83X,948,,,
4e842c7e,20/5/2022 0:00,fEXeW6R1J3,9e5c1fd7,8X5EJG61Hk,569.01,,,
aea511d0,23/5/2022 0:00,2d719e26,503798fc,,145,,,
1a83725e,23/5/2022 0:00,06suB5p2mX,a40421c3,3E98Omn83X,445,,,
73a1fda0,23/5/2022 0:00,XpP0Bn0s55,8f37a70a,3E98Omn83X,184,,,
142ccea6,23/5/2022 0:00,06suB5p2mX,010ce85b,3E98Omn83X,296,,,
cf3ba0cb,23/5/2022 0:00,Tb6MBkP8o7,bfdcba5a,3E98Omn83X,2072.75,,,
0c8ebdf8,23/5/2022 0:00,GSdCKW3Z5w,2215ffe3,8X5EJG61Hk,5934,,,
288323da,23/5/2022 0:00,3PMyW67W67,42d64626,3E98Omn83X,252,,,
dbb78308,23/5/2022 0:00,Q8nomXWRc2,3bd75687,3E98Omn83X,4047.92,,,
54a15b9a,24/5/2022 0:00,506af81b,4f13d4d1,8X5EJG61Hk,894.99,,,
95449e7d,24/5/2022 0:00,Ss1dWMP4hX,23ec8c46,8X5EJG61Hk,520,,,
e62922a6,24/5/2022 0:00,IEGO2KU1a7,f201d1cd,8X5EJG61Hk,2320,,,
1d040494,25/5/2022 0:00,8qbgngVgJ0,80c2868f,,473,,,
94aeb77f,25/5/2022 0:00,cc6c5bdc,c929acd1,8X5EJG61Hk,1181.5,,,
fb401404,25/5/2022 0:00,Y2MYCQ56NK,98376b09,,246.5,,,
934ddf27,25/5/2022 0:00,ZY46m6DFg1,99b8d67d,,807.6,,,
62d31894,27/5/2022 0:00,b0Aif96VUF,9f91d769,3E98Omn83X,3563,,,
5b77f399,27/5/2022 0:00,b0Aif96VUF,2ec3e6f8,3E98Omn83X,4451,,,
bcdd7ed5,27/5/2022 0:00,hL800efJnq,3293dccf,8X5EJG61Hk,2761,,,
9eba23c3,27/5/2022 0:00,b0Aif96VUF,a1de238e,3E98Omn83X,4525,,,
b2d77259,27/5/2022 0:00,bcd08322,9388ae85,8X5EJG61Hk,1349.95,,,
2698c5d4,27/5/2022 0:00,KDPNJN51Yk,2424d225,8X5EJG61Hk,498,,,
4e739e97,27/5/2022 0:00,af0b8607,1c3c6bc3,,490,,,
fa150fa5,30/5/2022 0:00,u9Q7w1CAQT,8ac4ba02,,1183,,,
a2cf4534,30/5/2022 0:00,1b04ee43,6beb24ea,3E98Omn83X,1799,,,
292fc42e,30/5/2022 0:00,Z3UDr9nQA8,b6f4571b,3E98Omn83X,46,,,
d441c044,31/5/2022 0:00,66t9Z8KvlZ,659b896e,8X5EJG61Hk,320.91,,,
54fd985c,31/5/2022 0:00,cc29cbcf,e1f22e90,3E98Omn83X,532,,,
0fbdb0aa,31/5/2022 0:00,db09a28c,1ce6f55b,8X5EJG61Hk,4132,,,
1961b19e,1/6/2022 0:00,94a67f85,b0c4fe4c,8X5EJG61Hk,465,,,
ee1de5d4,1/6/2022 0:00,8Nzo71FGPE,0ddf7e83,3E98Omn83X,4025.02,,,
af57598f,1/6/2022 0:00,GSdCKW3Z5w,4b4459a8,8X5EJG61Hk,2014,,,
60c298f3,2/6/2022 0:00,06suB5p2mX,fc5589ff,3E98Omn83X,14923,,,
9b04d62d,3/6/2022 0:00,fvIH3Ur1DW,50687502,8X5EJG61Hk,2480,,,
b3303f52,3/6/2022 0:00,64c0444d,8fb1e8f5,3E98Omn83X,1065,,,
c746e248,3/6/2022 0:00,55kcyJWnQ9,cdf1cddc,3E98Omn83X,5994.08,,,
2464e8ec,6/6/2022 0:00,a5580ba7,5db05b1e,3E98Omn83X,635,,,
2e2c3da6,6/6/2022 0:00,f63e6d5a,9e07ad72,8X5EJG61Hk,222,,,
40db3873,6/6/2022 0:00,UzdUJe146M,c7907f9b,8X5EJG61Hk,1445,,,
493814b3,7/6/2022 0:00,48iGKBLCt6,8f897e99,8X5EJG61Hk,4859.5,,,
9734da5b,7/6/2022 0:00,GSdCKW3Z5w,ff47d8b6,8X5EJG61Hk,1227,,,
701e8e89,7/6/2022 0:00,a26605cb,6aebf076,8X5EJG61Hk,10620.35,,,
c182bcbc,7/6/2022 0:00,6be46e90,6f3f74cd,,374.67,,,
5e21d60a,7/6/2022 0:00,6462402c,5bee2bc5,8X5EJG61Hk,761,,,
960ccdd4,7/6/2022 0:00,Y2MYCQ56NK,ff7aa98d,3E98Omn83X,498,,,
b9bf39f8,7/6/2022 0:00,cc6c5bdc,76010991,8X5EJG61Hk,325,,,
9654694c,7/6/2022 0:00,06suB5p2mX,55e2a940,3E98Omn83X,61,,,
4a5fb111,7/6/2022 0:00,f63e6d5a,f2831d5f,8X5EJG61Hk,2687,,,
bd9012b3,8/6/2022 0:00,7U11hqF1B5,6d271036,3E98Omn83X,4742,,,
9b3e10e1,8/6/2022 0:00,4WD4e3BQj1,19559516,,1957,,,
34867fd0,8/6/2022 0:00,783487d2,cf3c1646,,423.4,,,
abd5241f,8/6/2022 0:00,Sjd5ocDqmp,94561694,3E98Omn83X,1183,,,
5d85d86e,8/6/2022 0:00,55kcyJWnQ9,14b5bb1b,3E98Omn83X,839.88,,,
a6d88948,10/6/2022 0:00,jjC9BO9046,514e3e69,3E98Omn83X,1835,,,
ddad0485,10/6/2022 0:00,8qbgngVgJ0,c693ab65,3E98Omn83X,668,,,
352617b9,10/6/2022 0:00,8rX3c9V1OO,7c97f19e,3E98Omn83X,267,,,
cf44d082,10/6/2022 0:00,47dc23c1,9e82e1b2,8X5EJG61Hk,162,,,
30d63e66,10/6/2022 0:00,3b19cc66,d8838e5c,3E98Omn83X,5767,,,
d10f233b,31/5/2022 0:00,48027e8f,6bc8a76c,3E98Omn83X,3667,,,
237b4574,13/6/2022 0:00,f63e6d5a,eb2a5a1d,8X5EJG61Hk,328,,,
2e3da3bc,13/6/2022 0:00,9Db6HRRP8a,bc37e12b,3E98Omn83X,61954,,,
fa25efa9,13/6/2022 0:00,XpP0Bn0s55,ec041b71,,223.75,,,
a4836562,13/6/2022 0:00,GSdCKW3Z5w,3b4a27b4,8X5EJG61Hk,271,,,
3fc2a23a,13/6/2022 0:00,1QjSD5K2L8,1eea33d1,3E98Omn83X,208.99,,,
a17aa33d,14/6/2022 0:00,847ad8ff,8f90f598,,452.8,,,
aebd24ec,14/6/2022 0:00,7a686853,7e2ef844,8X5EJG61Hk,4998,,,
4256bc19,14/6/2022 0:00,0WoOQFQSLY,3125ec10,8X5EJG61Hk,2684,,,
40ca2d87,14/6/2022 0:00,z0I0Z6U6nv,9236750f,8X5EJG61Hk,928,,,
86994a59,14/6/2022 0:00,7727c701,23f99248,,106.83,,,
67a18e2a,15/6/2022 0:00,psi8LI6CQr,5c236f78,3E98Omn83X,847,,,
b7d5607d,15/6/2022 0:00,ec3a2d0c,71f975e7,3E98Omn83X,1710,,,
a6d14a7d,15/6/2022 0:00,g084484ZO9,60058fb0,8X5EJG61Hk,4524.99,,,
ae4f92cb,15/6/2022 0:00,fEXeW6R1J3,94bc9139,8X5EJG61Hk,503,,,
0997d046,15/6/2022 0:00,7a686853,bdc58ac2,8X5EJG61Hk,781,,,
3b8ddf8d,15/6/2022 0:00,465fcc36,50958958,,196.3,,,
ee2d9e21,16/6/2022 0:00,XpP0Bn0s55,S03242022083049_Dup1,,1305,,,
e290e58f,16/6/2022 0:00,1b04ee43,62a67ea5,3E98Omn83X,214,,,
d54a997f,16/6/2022 0:00,WL91eH602H,c10cec06,3E98Omn83X,1440,,,
5845451c,16/6/2022 0:00,WL91eH602H,64b0b065,3E98Omn83X,1191,,,
1a1c61bf,16/6/2022 0:00,cc6c5bdc,2582b3dd,8X5EJG61Hk,976,,,
083bcf8a,17/6/2022 0:00,fEXeW6R1J3,e7afc0ac,8X5EJG61Hk,650,,,
4e74e35f,17/6/2022 0:00,VLSxI59801,466b9d50,3E98Omn83X,5308,,,
be6c14ba,20/6/2022 0:00,dc672852,044576d2,8X5EJG61Hk,4141,,,
b457fa8b,20/6/2022 0:00,3926f94c,9c79e75e,,193.56,,,
61fdc725,21/6/2022 0:00,fEXeW6R1J3,153b2e75,8X5EJG61Hk,769,,,
857d6c3b,21/6/2022 0:00,39N5vR34gp,454f30ed,8X5EJG61Hk,2243,,,
36b20bee,21/6/2022 0:00,xEK6r63Cy3,9a85ef9c,3E98Omn83X,247,,,
d4b3242e,21/6/2022 0:00,af0b8607,4c51a537,,415,,,
5db6e9c4,21/6/2022 0:00,a8c386f6,c2e99b01,,92,,,
9ececcf2,21/6/2022 0:00,5f502838,0c9c6b6f,3E98Omn83X,710.01,,,
ed3e7fb3,22/6/2022 0:00,39N5vR34gp,b52a6b43,8X5EJG61Hk,729,,,
b0ca8c0c,22/6/2022 0:00,hL800efJnq,eed46a7e,8X5EJG61Hk,2910.99,,,
395178a4,22/6/2022 0:00,df7dce1a,fb029579,,821.99,,,
dbb87fff,22/6/2022 0:00,VCvp286I3Q,51ef322e,3E98Omn83X,208,,,
f25178a0,22/6/2022 0:00,j6v26jLuwm,e14eb926,,4160.02,,,
54099534,22/6/2022 0:00,c79117f5,f4bfbabe,,245.12,,,
9cc5f4f6,23/6/2022 0:00,14ea3809,06222c65,,483.96,0,0,483.96
5a1978af,23/6/2022 0:00,4aaef7ec,32f0d93f,,170.6,0,0,170.6
4dccec14,23/6/2022 0:00,e6666cbb,5a7ebe9c,8X5EJG61Hk,203,,0,203
8fdbb257,23/6/2022 0:00,9Db6HRRP8a,1e1ce936,3E98Omn83X,5612,,0,5612
8769fb23,28/11/2022 0:00,fvIH3Ur1DW,5d29b3ba,8X5EJG61Hk,874,0,0,1033
c3763e04,24/6/2022 0:00,xw71fJ415b,7ce2d1d0,,1926,Exempted,0,1926
cf3cc348,24/6/2022 0:00,Y2MYCQ56NK,7334fcc6,3E98Omn83X,490,,0,490
e762c886,24/6/2022 0:00,5fiS378Rr1,1396d28b,3E98Omn83X,1141,,0,1141
b33f93ab,24/6/2022 0:00,4DS6poaMwG,fe01241c,3E98Omn83X,799.2,0,0,799.2
a03366f2,27/6/2022 0:00,8qbgngVgJ0,9a962427,3E98Omn83X,425.67,,0,425.67
b70499fe,27/6/2022 0:00,49fc0a86,46b6cc67,,120.76,0,0,120.76
93c96d41,27/6/2022 0:00,06suB5p2mX,93dc6f7c,3E98Omn83X,220,0,0,220
00ba38da,28/6/2022 0:00,2c0221dc,ff8f796d,3E98Omn83X,2197,0,0,2197
619678f6,28/6/2022 0:00,26e282dd,bc9421dd,,216.47,0,0,216.47
49221cf5,28/6/2022 0:00,2rHQ5q2g6a,b0c1f556,8X5EJG61Hk,292,0,0,292
e124c974,28/6/2022 0:00,GMs8OdU4s1,41a1bb02,8X5EJG61Hk,329,,0,329
2f0c2be1,29/6/2022 0:00,e50ead61,febb914f,3E98Omn83X,331,0,0,331
86fb8479,29/6/2022 0:00,7a686853,27fb7552,8X5EJG61Hk,1493,0,0,1493
1119c0bb,29/6/2022 0:00,W1xrXd4C1W,B02282022100941_Dup1,,57657.93,Exempted,0,57657.93
ea3654d4,29/6/2022 0:00,6n9h7u47e8,B02282022103451_Dup1,,36888.51,Exempted,0,36888.51
e36ac0e5,1/7/2022 0:00,f63e6d5a,b3b25861,8X5EJG61Hk,892.02,Exempted,0,892.02
c6728acf,1/7/2022 0:00,e6666cbb,d95d72c1,8X5EJG61Hk,1034,Exempted,0,1034
bffb85be,1/7/2022 0:00,e6666cbb,143d7892,8X5EJG61Hk,148,,0,148
dd5b817c,1/7/2022 0:00,a5580ba7,5fb517fd,3E98Omn83X,2838.1,Exempted,0,2838.1
71993827,30/6/2022 0:00,6n9h7u47e8,f85203b6,,20000,Exempted,0,20000
b5a38e29,1/7/2022 0:00,4O5G9tNusl,2057c44f,3E98Omn83X,308,,0,308
1e6f058f,1/7/2022 0:00,a5580ba7,f4fb0641,3E98Omn83X,1301,Exempted,0,1301
d8c20d41,1/7/2022 0:00,39N5vR34gp,83da8eef,8X5EJG61Hk,974,Exempted,0,974
24354a0e,4/7/2022 0:00,g084484ZO9,2dfdee3f,8X5EJG61Hk,511.02,,0,511.02
a4d73873,5/7/2022 0:00,jCh0R09xTJ,46ed6e06,,484,Exempted,0,484
65f1c0ad,5/7/2022 0:00,WL91eH602H,1eaaa6d4,3E98Omn83X,1074,Exempted,0,1074
33248820,5/7/2022 0:00,WL91eH602H,1a0dc757,3E98Omn83X,1352,Exempted,0,1352
1dcf8e1c,5/7/2022 0:00,30b11630,1da334e0,8X5EJG61Hk,532,Exempted,0,532
844b93ac,5/7/2022 0:00,2ii3577q55,355f8b2f,8X5EJG61Hk,1192.01,,0,1192.01
f01758cb,5/7/2022 0:00,0WoOQFQSLY,ad950aa7,8X5EJG61Hk,4414.98,Exempted,0,4414.98
6c5083da,6/7/2022 0:00,218ba7d6,70a9da9a,8X5EJG61Hk,834,Exempted,0,834
ef984eeb,6/7/2022 0:00,4f18u3537C,a6c14878,3E98Omn83X,687,Exempted,0,687
7113b2f9,6/7/2022 0:00,fEXeW6R1J3,972ef4a2,8X5EJG61Hk,514,Exempted,0,514
6f3fd9f6,6/7/2022 0:00,df7dce1a,c8c83b3e,,2669,Exempted,0,2669
1375b299,7/7/2022 0:00,ec3a2d0c,a328eea0,,341,Exempted,0,341
1dd4fcf9,7/7/2022 0:00,hL800efJnq,58074893,8X5EJG61Hk,4994,Exempted,0,4994
e18a810d,8/7/2022 0:00,XpP0Bn0s55,S03242022083049_Dup1_R,,1924,Exempted,0,1924
d5fe625b,8/7/2022 0:00,d3cbdb51,5d0743d8,8X5EJG61Hk,1380,Exempted,0,1380
ea26a2ef,12/7/2022 0:00,b4992de3,c24e5cb1,,164.68,Exempted,0,164.68
bfb731e9,10/7/2022 0:00,06suB5p2mX,93e0737f,3E98Omn83X,336,Exempted,0,336
48e8f172,12/7/2022 0:00,4Yk09HecPy,9df80131,8X5EJG61Hk,15162,,0,15162
d003b279,12/7/2022 0:00,KDPNJN51Yk,8b79d823,8X5EJG61Hk,287,Exempted,0,287
ed5b19b2,12/7/2022 0:00,Tb6MBkP8o7,7abce4fb,3E98Omn83X,995,0%,0,995
951d4fad,13/7/2022 0:00,fe83eba5,17f0cf9d,,693,Exempted,0,693
8b3bce61,13/7/2022 0:00,jjC9BO9046,849a8b4d,3E98Omn83X,2254,Exempted,0,2254
8d1d1bb6,13/7/2022 0:00,070a96b6,5445fe1b,3E98Omn83X,2662,Exempted,0,2662
3395c1da,13/7/2022 0:00,06df1afd,a92e2c9f,3E98Omn83X,5914,Exempted,0,5914
dcc5c718,13/7/2022 0:00,a2a70b56,10d442ab,8X5EJG61Hk,1647,Exempted,0,1647
18e2f2d0,13/7/2022 0:00,fvIH3Ur1DW,784aa616,8X5EJG61Hk,1695,Exempted,0,1695
f97ebbd8,13/7/2022 0:00,GSdCKW3Z5w,d5ce1925,8X5EJG61Hk,442,Exempted,0,442
e32551bb,14/7/2022 0:00,4Yk09HecPy,d5fef9f8,8X5EJG61Hk,995,Exempted,0,995
0ac2ed5a,14/7/2022 0:00,hL800efJnq,2004c26f,8X5EJG61Hk,833,Exempted,0,833
3f70747d,14/7/2022 0:00,FOxPJznvAx,765b4efb_R,,2476,Exempted,0,2476
e52ee60f,14/7/2022 0:00,Ss1dWMP4hX,dcbf5c19,8X5EJG61Hk,915,Exempted,0,915
66fc99d1,15/7/2022 0:00,ja7nPAs7V3,d3f1aeb7,3E98Omn83X,202,Exempted,0,202
fdd06318,15/7/2022 0:00,643c1834,1d02bba1,,257.08,Exempted,0,257.08
ff7d02ce,15/7/2022 0:00,hL800efJnq,d6bd9c48,8X5EJG61Hk,3905,Exempted,0,3905
000a975b,15/7/2022 0:00,6462402c,b3e488ff,8X5EJG61Hk,448,Exempted,0,448
8afe3a9d,18/7/2022 0:00,Y2MYCQ56NK,98376b09_R,,495,Exempted,0,495
acf187c6,19/7/2022 0:00,06suB5p2mX,ac9cc61a,3E98Omn83X,1141,Exempted,0,1141
922729ef,19/7/2022 0:00,Tb6MBkP8o7,8b93a133,3E98Omn83X,239,Exempted,0,239
d5013c62,19/7/2022 0:00,fEXeW6R1J3,35853e8e,8X5EJG61Hk,315,Exempted,0,315
9c5e2c0b,19/7/2022 0:00,VLSxI59801,b360f40a,3E98Omn83X,812,Exempted,0,812
48e6cc3d,20/7/2022 0:00,fvIH3Ur1DW,302dd027,8X5EJG61Hk,420,Exempted,0,420
979f85d0,21/7/2022 0:00,fEXeW6R1J3,3beec23a,8X5EJG61Hk,607,Exempted,0,607
e0048572,21/7/2022 0:00,06df1afd,cf7aa06a,3E98Omn83X,768,Exempted,0,768
07c70f06,21/7/2022 0:00,2df7e01c,1ac39038,8X5EJG61Hk,2887,Exempted,0,2887
06d82a41,22/7/2022 0:00,W6xnb5jXIF,b1c578ac,8X5EJG61Hk,228,Exempted,0,228
fc8296dc,22/7/2022 0:00,6be46e90,bcd868ad,,265.96,Exempted,0,265.96
30d2104b,22/7/2022 0:00,39N5vR34gp,c4afd54c,8X5EJG61Hk,118,Exempted,0,118
cbf4bfb2,22/7/2022 0:00,Y2MYCQ56NK,96e297e1,3E98Omn83X,490,Exempted,0,490
6d5bc8d6,25/7/2022 0:00,bcd08322,6f709d93,8X5EJG61Hk,2548.01,Exempted,0,2548.01
b5c389f5,25/7/2022 0:00,m83KJ92R1b,fb321961,3E98Omn83X,769.02,Exempted,0,769.02
6aace114,25/7/2022 0:00,8Nzo71FGPE,d50d34de,3E98Omn83X,3696.02,Exempted,0,3696.02
5e402d5f,25/7/2022 0:00,c48e4055,d0e3c816,,523.75,Exempted,0,523.75
50109ee5,17/6/2022 0:00,57d4a0ce,4fbe2b15,8X5EJG61Hk,524.6,,0,524.6
1949f486,26/7/2022 0:00,WL91eH602H,18e8d79f,3E98Omn83X,307,Exempted,0,307
26d0f949,26/7/2022 0:00,2ii3577q55,9a5bf4ab,8X5EJG61Hk,237,Exempted,0,237
523b1743,11/7/2022 0:00,WL91eH602H,afefc7f6,3E98Omn83X,1323,Exempted,0,1323
b7ce570b,27/7/2022 0:00,fEXeW6R1J3,b105856f,8X5EJG61Hk,671,Exempted,0,671
1b4e30b8,27/7/2022 0:00,e50ead61,739a1ff3,3E98Omn83X,165,Exempted,0,165
2e5fc8aa,28/7/2022 0:00,c860b4a5,0b48b905,,614.66,Exempted,0,614.66
dd6c1e59,28/7/2022 0:00,5fiS378Rr1,03d9115f,3E98Omn83X,3147,Exempted,0,3147
730b6d38,28/7/2022 0:00,56c7d026,faa09aba,8X5EJG61Hk,3762,Exempted,0,3762
a5dab5e4,28/7/2022 0:00,6n9h7u47e8,B02282022103451_Dup1_R,,5651,Exempted,0,5651
39a65c9d,28/7/2022 0:00,f63e6d5a,1b91fdb6,8X5EJG61Hk,1389.96,0%,0,1389.96
9bea9261,29/7/2022 0:00,af0b8607,351f5077_R,,5980,Exempted,0,5980
08f4b63a,21/7/2022 0:00,3be6d644,61086c92,8X5EJG61Hk,290,Exempted,0,290
9d4545ff,29/7/2022 0:00,af0b8607,5c07dfc8,gLuyJ85Lwe,2908,Exempted,0,2908
826ee994,1/8/2022 0:00,Q8nomXWRc2,a4060601,3E98Omn83X,712,Exempted,0,712
888ae9ad,1/8/2022 0:00,5ee5fe7b,c67d3877,3E98Omn83X,2247.96,Exempted,0,2247.96
bff93f90,1/8/2022 0:00,UzdUJe146M,1bde44e2,8X5EJG61Hk,639,Exempted,0,2020
aef72908,1/8/2022 0:00,GSdCKW3Z5w,020de859,8X5EJG61Hk,1735,,0,1735
4f8d81ab,1/8/2022 0:00,aa52f012,a797a04a,3E98Omn83X,615,Exempted,0,615
aa29d111,2/8/2022 0:00,579DJ6XeuD,bccddb43,8X5EJG61Hk,1658.78,Exempted,0,1658.78
2ba7b65e,2/8/2022 0:00,jCh0R09xTJ,2efcdac1,8X5EJG61Hk,279,Exempted,0,279
9eb0ae5b,2/8/2022 0:00,y0YEf0WNtI,962bf7b0,3E98Omn83X,2332,Exempted,0,2332
2ceeb900,3/8/2022 0:00,jpZSXU2A8V,d3e9f5f6_R,,1469.33,Exempted,0,1469.33
df2b1993,3/8/2022 0:00,39N5vR34gp,a50b6669,8X5EJG61Hk,653,0%,0,653
885c9795,4/8/2022 0:00,66t9Z8KvlZ,1dbf2fb9,8X5EJG61Hk,4905.17,Exempted,0,4905.17
e94dd128,4/8/2022 0:00,2ii3577q55,7fb472c5,8X5EJG61Hk,725.54,Exempted,0,725.54
a3e8c77e,5/8/2022 0:00,VCrR9IvzfA,18be8425,8X5EJG61Hk,5637,Exempted,0,5637
54224b5f,5/8/2022 0:00,g084484ZO9,36d0aebc,8X5EJG61Hk,4823.96,Exempted,0,4823.96
f4fab746,5/8/2022 0:00,56c899fa,b4b2e9a9,,959.03,Exempted,0,959.03
ab64a8cf,8/8/2022 0:00,14ea3809,b78273d0,,348.2,Exempted,0,348.2
ca6ed658,4/8/2022 0:00,d5344504,c412d718,3E98Omn83X,671.3,Exempted,0,671.3
d09cf9fa,8/8/2022 0:00,2acb6945,6618e1f2,3E98Omn83X,4654,Exempted,0,4654
93152b7d,10/8/2022 0:00,a4decfdf,26589a06,8X5EJG61Hk,5922.49,Exempted,0,5922.49
367816a5,10/8/2022 0:00,Z3UDr9nQA8,394a555d,3E98Omn83X,555.38,Exempted,0,555.38
3b32aad5,10/8/2022 0:00,f63e6d5a,a4e7f7de,8X5EJG61Hk,695.32,Exempted,0,695.32
839044c0,10/8/2022 0:00,1f6et5pP1O,6b4fbd66,8X5EJG61Hk,3241,Exempted,0,3241
a21ac4f5,10/8/2022 0:00,y3rYf2f9gy,08425ee1,3E98Omn83X,440,Exempted,0,440
ed6ee9df,10/8/2022 0:00,8qbgngVgJ0,b2357004,3E98Omn83X,304,Exempted,0,304
ca78fb7c,15/8/2022 0:00,1w5H2WCoXZ,748265ee,db61a4fe,1075.3,Exempted,0,1075.3
0f1b33a9,10/8/2022 0:00,a931a01c,ccac6ee0,db61a4fe,0,0,0,2600.9
a9a1e1fe,11/8/2022 0:00,06suB5p2mX,847fc491,3E98Omn83X,402.54,Exempted,0,402.54
c5c33acf,21/7/2022 0:00,06suB5p2mX,a429bb95,3E98Omn83X,737,Exempted,0,737.02
f0391ec7,11/8/2022 0:00,ryl1bKOpPO,a034f9b9,3E98Omn83X,24264.2,Exempted,0,24264.2
b8c121f0,11/8/2022 0:00,4ZRd9NGZZQ,63c6cb4e,3E98Omn83X,1119.32,Exempted,0,1119.32
d1e0968e,11/8/2022 0:00,GHbrZ9WLG3,21be263f,8X5EJG61Hk,2473.11,Exempted,0,2473.11
c2a14623,11/8/2022 0:00,hL800efJnq,1f6b1613,8X5EJG61Hk,504.08,Exempted,0,504.08
4492f0d8,12/8/2022 0:00,6460ff92,46876347,3E98Omn83X,598.07,Exempted,0,598.07
8d68e3cb,12/8/2022 0:00,D6O4LUfz2f,aac4dbe3,8X5EJG61Hk,221.16,Exempted,0,221.16
d873f793,15/8/2022 0:00,ItssapCSik,6bcdc43c,3E98Omn83X,716,Exempted,0,716
989ccf78,15/8/2022 0:00,xsumAjY50P,e5bb55b7,8X5EJG61Hk,996.72,,0,996.72
16793c24,15/8/2022 0:00,f2680bfb,f96878fd,8X5EJG61Hk,5652.7,Exempted,0,5652.7
9fabbaa7,15/8/2022 0:00,7f6eb86e,ea6b42a1,,382.84,Exempted,0,382.84
ade4e646,15/8/2022 0:00,9or4RfVO6l,523b3d3b,8X5EJG61Hk,2720.64,Exempted,0,2720.64
4c9e03ab,15/8/2022 0:00,a4122309,be165c9f,00485f01,784.86,Exempted,0,784.86
d4f361c9,16/8/2022 0:00,56c899fa,7f5c4ef8,,507.78,Exempted,0,507.78
68c62a54,16/8/2022 0:00,XpP0Bn0s55,52564f46,gLuyJ85Lwe,318.6,Exempted,0,318.6
b3869dd6,16/8/2022 0:00,f63e6d5a,d52f89fc,8X5EJG61Hk,876.94,Exempted,0,876.94
e22de89d,17/8/2022 0:00,hnzo75eojx,65dafec8,3E98Omn83X,412,Exempted,0,412
e8d1efc4,17/8/2022 0:00,ZY46m6DFg1,e38f2b3a,,406,,0,406
e3d02126,17/8/2022 0:00,2f1494a7,0c937702,,343.75,Exempted,0,343.75
de62f608,17/8/2022 0:00,ItssapCSik,f1aa063b,3E98Omn83X,1175.14,Exempted,0,1175.14
74c8d5e8,17/8/2022 0:00,73Mfhf002n,7c388397,3E98Omn83X,60,Exempted,0,60
b2681ee2,17/8/2022 0:00,dffe99c7,33ccbeec,3E98Omn83X,4396.44,Exempted,0,4396.44
6a0ed6b9,18/8/2022 0:00,dffe99c7,33ccbeec_R,3E98Omn83X,3478.12,Exempted,0,3478.12
d35f7f85,18/8/2022 0:00,GMs8OdU4s1,5eae73fd,8X5EJG61Hk,197,Exempted,0,197
6ebe8279,18/8/2022 0:00,Tb6MBkP8o7,09eb99e4,3E98Omn83X,212.16,Exempted,0,212.16
585db678,18/8/2022 0:00,a4decfdf,1d5a56a1,8X5EJG61Hk,4524.87,Exempted,0,4524.87
a7b08472,19/8/2022 0:00,30b11630,8f0b9807,8X5EJG61Hk,315.25,Exempted,0,315.25
4ce21920,19/8/2022 0:00,94a67f85,83afa8cb,8X5EJG61Hk,212,Exempted,0,212
97d5522c,19/8/2022 0:00,660014bd,c3926c70,8X5EJG61Hk,2613,Exempted,0,2613
e68dbe91,19/8/2022 0:00,fEXeW6R1J3,de83d774,8X5EJG61Hk,565.11,Exempted,0,565.11
48a8dad0,19/8/2022 0:00,06suB5p2mX,3d6c6031,3E98Omn83X,1464.97,Exempted,0,1464.97
575b0169,19/8/2022 0:00,f2680bfb,0f110e7c,8X5EJG61Hk,2966.09,Exempted,0,2966.09
93cd415f,22/8/2022 0:00,4f18u3537C,b5d227e8,3E98Omn83X,226.8,Exempted,0,226.8
00c9875b,22/8/2022 0:00,Y2MYCQ56NK,f32c7b75,00485f01,256.32,Exempted,0,256.32
37a13ccf,22/8/2022 0:00,07acaa1f,f869b386,,1813.09,Exempted,0,1813.09
c940db87,22/8/2022 0:00,bcd08322,81f9370e,8X5EJG61Hk,726.92,Exempted,0,726.92
28da56c9,22/8/2022 0:00,Ss1dWMP4hX,dcbf5c19_R,,914.8,Exempted,0,914.8
08a6e8d0,23/8/2022 0:00,XGk5tiMcrk,9f618be6,8X5EJG61Hk,630.87,Exempted,0,630.87
5437afa9,23/8/2022 0:00,XpP0Bn0s55,3609df48,,71,Exempted,0,71
d1eb367d,18/8/2022 0:00,5bdH431NVo,fce3a781_R,8X5EJG61Hk,3268,Exempted,0,3268
4d349da5,24/8/2022 0:00,d525f3ce,58f29aeb,8X5EJG61Hk,6559.88,Exempted,0,6559.88
41b043d0,25/8/2022 0:00,Z3UDr9nQA8,7687370b,3E98Omn83X,548.3,0%,0,548.3
6bf068bd,26/8/2022 0:00,OCyg84BDvJ,686962d2,db61a4fe,303.16,0%,0,303.16
b7a769be,26/8/2022 0:00,naic6d0imR,872cf9f8,3E98Omn83X,2636.14,Exempted,0,2636.14
46926957,26/8/2022 0:00,KDPNJN51Yk,9bd7b05c,8X5EJG61Hk,873.8,Exempted,0,873.8
8be87f7e,26/8/2022 0:00,ItssapCSik,fe3c7660,3E98Omn83X,5771.24,0%,0,5771.24
9619c3d4,26/8/2022 0:00,39N5vR34gp,f5e8428a_R,,603,Exempted,0,603
a395db8a,27/8/2022 0:00,d759282e,2c24645e,8X5EJG61Hk,965.51,Exempted,0,965.51
c7dd2679,27/8/2022 0:00,bfdf28bf,c791a2b0,8X5EJG61Hk,1633.88,Exempted,0,1633.88
d0451f63,29/8/2022 0:00,YRDfn5Wf9O,da5bd3d3,8X5EJG61Hk,1310.05,Exempted,0,1310.05
28ddde2a,29/8/2022 0:00,Pox366MK2r,4b20e3f8,,23557,,0,23557
e08364e6,29/8/2022 0:00,ryl1bKOpPO,0d481196,3E98Omn83X,920.53,0%,0,920.53
eace12ce,29/8/2022 0:00,1QjSD5K2L8,8b7d8989,3E98Omn83X,323.57,0%,0,323.57
fe7443eb,30/8/2022 0:00,UzdUJe146M,0f8f7960,8X5EJG61Hk,541.96,Exempted,0,541.96
f9f16d2b,30/8/2022 0:00,db4d995a,d505ade2,8X5EJG61Hk,347.09,0%,0,347.09
550a16b3,30/8/2022 0:00,39N5vR34gp,31cdd497,8X5EJG61Hk,1105.52,Exempted,0,1105.52
a2844ebd,30/8/2022 0:00,506af81b,ed677155,8X5EJG61Hk,260.24,Exempted,0,260.24
44b58459,30/8/2022 0:00,06df1afd,cfddc9e2,3E98Omn83X,1288.98,Exempted,0,1288.98
6904a86f,31/8/2022 0:00,07acaa1f,2f1c06f1,,2235.3,Exempted,0,2235.3
c89df78e,31/8/2022 0:00,df3cd059,ee1aa234,,1510,Exempted,0,1510
40ce9fbc,31/8/2022 0:00,hnzo75eojx,73069adf,3E98Omn83X,1354.3,0%,0,1354.3
fa50d690,31/8/2022 0:00,5fiS378Rr1,af6281e5,3E98Omn83X,4064.62,0%,0,4064.62
25cad06e,31/8/2022 0:00,5437394b,a1db0d92_R,db61a4fe,4706,Exempted,0,4706
1aa93972,1/9/2022 0:00,IEGO2KU1a7,8d9a56e0,8X5EJG61Hk,2013.06,Exempted,0,2013.06
d11c7f2d,1/9/2022 0:00,2710db20,0aa7f99c,8X5EJG61Hk,259.94,0%,0,259.94
920597f3,1/9/2022 0:00,W1xrXd4C1W,36d0aebc_R,gLuyJ85Lwe,9975,Exempted,0,9975
a3c2ad34,1/9/2022 0:00,6n9h7u47e8,B02282022103451_Dup1_R_R,,23557,0%,0,23557
0c376e84,2/9/2022 0:00,jCh0R09xTJ,59b89f66,8X5EJG61Hk,511.3,0%,0,511.3
d4bf480d,2/9/2022 0:00,c4c492a5,49b5dd76,8X5EJG61Hk,356.5,0%,0,356.5
b23fb364,2/9/2022 0:00,6462402c,5bee2bc5_R,00485f01,260.24,0%,0,260.24
57bf3923,2/9/2022 0:00,b911b807,5443a051,3E98Omn83X,764.27,0%,0,764.27
6cd8e10b,2/9/2022 0:00,8Nzo71FGPE,475363a1,3E98Omn83X,3220.92,Exempted,0,3220.92
354d6e12,2/9/2022 0:00,2acb6945,2386b27c,3E98Omn83X,3873.52,0%,0,3873.52
5953f5ed,2/9/2022 0:00,fEXeW6R1J3,1ee28760,8X5EJG61Hk,431.39,Exempted,0,431.39
0bb4faf6,2/9/2022 0:00,GHbrZ9WLG3,e89cb5e4,,1005.45,Exempted,0,1005.45
040250dc,5/9/2022 0:00,d759282e,fc92eb96,8X5EJG61Hk,696.2,Exempted,0,696.2
f6f59780,5/9/2022 0:00,D6O4LUfz2f,e8954c8f,8X5EJG61Hk,5971.15,Exempted,0,5971.15
7903d864,5/9/2022 0:00,be19c1e3,aea370b4,8X5EJG61Hk,411.75,0%,0,411.75
9ee8ee0b,5/9/2022 0:00,9b1b0d60,d2316e6e,00485f01,695.5,0%,0,695.5
cb14ade5,5/9/2022 0:00,660014bd,833e7ff9,8X5EJG61Hk,4745.92,0%,0,4745.92
f192d523,5/9/2022 0:00,2710db20,0aa7f99c,8X5EJG61Hk,162.06,0%,0,162.06
98534b55,6/9/2022 0:00,b0029bc0,62356467,8X5EJG61Hk,627.78,Exempted,0,627.78
26cecac6,6/9/2022 0:00,UJG8xJS6C8,19M56Q80J5_R,,210,0%,0,210
d99f55b2,7/9/2022 0:00,a931a01c,22f7cde9,db61a4fe,4131.15,Exempted,0,4131.15
3dd971f7,7/9/2022 0:00,a4122309,b4a6fdb9,00485f01,678.59,0%,0,678.59
627209ec,7/9/2022 0:00,o06kxP3I99,65a134ac,3E98Omn83X,666.36,0%,0,666.36
71b9312f,7/9/2022 0:00,ea77b8d3,e867e2d7,db61a4fe,213.92,0%,0,213.92
5bf60d52,7/9/2022 0:00,XpP0Bn0s55,3609df48_R,,142,0%,0,142
61b1f4ab,8/9/2022 0:00,XpP0Bn0s55,rGV3hNVOn6_R,,116,0%,0,116
c2b3fa62,8/9/2022 0:00,5fiS378Rr1,c5ce1b73,3E98Omn83X,823.93,Exempted,0,823.93
4997c25f,17/8/2022 0:00,hL800efJnq,2a69697c,8X5EJG61Hk,687.48,0%,0,687.48
12dce7ec,9/9/2022 0:00,D5Fk7289x1,5b34a221,db61a4fe,422.2,0%,0,422.2
ffe50d3b,9/9/2022 0:00,dTc7gT1Sof,d06d8b6e,3E98Omn83X,627.29,7%,43.91,671.2
302660b3,9/9/2022 0:00,a293033e,6b511d9e,3E98Omn83X,1506.24,0%,0,1506.24
6d4522d2,31/10/2022 0:00,3067d00e,78f1027d,8X5EJG61Hk,128.6,7%,9,137.6
b9481d88,9/9/2022 0:00,16a45456,fabca677,,509.37,Exempted,0,509.37
3d475023,9/9/2022 0:00,847ad8ff,0a356469,,711.2,Exempted,0,711.2
a8a700b9,9/9/2022 0:00,39N5vR34gp,f8639056,8X5EJG61Hk,243.44,7%,17.04,260.48
4d21f77e,9/9/2022 0:00,5fiS378Rr1,a7e844a9,3E98Omn83X,4987.47,0%,0,4987.47
5ebad226,19/9/2022 0:00,58ea2d28,332484c4,8X5EJG61Hk,151233.78,7%,10586.36,161820.14
725a06e3,19/9/2022 0:00,58ea2d28,da213a76,8X5EJG61Hk,8907,7%,623.49,9530.49
5398e4d5,12/9/2022 0:00,84ee7391,36d0aebc_R_R,,10501,Exempted,0,10501
afa6dd9e,12/9/2022 0:00,ddbf0290,3810bc6e,8X5EJG61Hk,2846.84,Exempted,0,2846.84
e81307bc,12/9/2022 0:00,655074b6,70bbcbe3,8X5EJG61Hk,2747.21,Exempted,0,2747.21
0d5dd166,5/8/2022 0:00,4dbf6714,78ed0f5c,3E98Omn83X,158,Exempted,0,158
b99d2d0d,13/9/2022 0:00,06suB5p2mX,72f7acfa,3E98Omn83X,3287.08,0%,0,3287.08
56521c56,13/9/2022 0:00,8rX3c9V1OO,6dabff8e,db61a4fe,2470.55,0%,0,2470.55
e8bbb957,13/9/2022 0:00,69dc9b2b,961ef201,00485f01,1387.2,0%,0,1387.2
3806ba00,13/9/2022 0:00,xw71fJ415b,736b005c,3E98Omn83X,4249,Exempted,0,4249
85c71e74,13/9/2022 0:00,660014bd,11068dc7,8X5EJG61Hk,260.97,7%,18.27,279.24
675851f4,14/9/2022 0:00,GHbrZ9WLG3,27671765_R,8X5EJG61Hk,4500.12,Exempted,0,4500.12
003509cf,14/9/2022 0:00,6n9h7u47e8,B02282022103451_Dup1_R_R_R,,26826.26,Exempted,0,26826.26
63730c63,14/9/2022 0:00,f63e6d5a,7dbaa0e5,8X5EJG61Hk,2203.96,7%,154.28,2358.24
458081fb,14/9/2022 0:00,2ii3577q55,b87197e1,8X5EJG61Hk,341.34,7%,23.89,365.23
d0466e09,16/9/2022 0:00,6c861cda,b23582ff,8X5EJG61Hk,472.28,0%,0,472.28
bcbf019f,16/9/2022 0:00,06fa670b,8616616b,8X5EJG61Hk,3842.1,7%,268.95,4111.05
91feb490,16/9/2022 0:00,Pox366MK2r,6dabff8e_R,,3449.45,Exempted,0,3449.45
df77770a,16/9/2022 0:00,W1xrXd4C1W,B02282022100941_Dup1_R,,51384,0%,0,51384
568299f0,16/9/2022 0:00,Hn0UKWO403,01b1c695,00485f01,1136.92,0%,0,1136.92
ec3d3f7d,17/9/2022 0:00,2cc181d6,7c09cba1,3E98Omn83X,560,7%,39.2,599.2
1716100b,18/9/2022 0:00,6n9h7u47e8,B02282022103451_Dup1_R_R_R_R,,6167.22,0%,0,6167.22
5eeeb8df,19/9/2022 0:00,Sjd5ocDqmp,3c7878e9,3E98Omn83X,1761.27,7%,123.29,1884.56
b2fadf8d,19/9/2022 0:00,GSdCKW3Z5w,8e28524d,8X5EJG61Hk,189.26,7%,13.25,202.51
c11d90be,20/9/2022 0:00,5437394b,161b1070_R,db61a4fe,4550.14,Exempted,0,4550.14
b619898b,20/9/2022 0:00,ItssapCSik,c1de38d6,3E98Omn83X,4190.07,7%,293.3,4483.37
2d480d9f,20/9/2022 0:00,g084484ZO9,254983c6,8X5EJG61Hk,4860.07,7%,340.2,5200.27
1b41cb59,20/9/2022 0:00,KDPNJN51Yk,6d1f59af,8X5EJG61Hk,608.36,7%,42.59,650.95
74f0bc78,20/9/2022 0:00,2630b50e,9f53ed6e,8X5EJG61Hk,1126.74,7%,78.87,1205.61
1a640e6c,20/9/2022 0:00,f63e6d5a,85e5585e,8X5EJG61Hk,3684.54,7%,257.92,3942.46
47e005b0,21/9/2022 0:00,39N5vR34gp,74e2bd60,8X5EJG61Hk,324.77,7%,22.73,347.5
62d3613c,21/9/2022 0:00,Tb6MBkP8o7,033c13c2,3E98Omn83X,183.7,7%,12.86,196.56
a973e4e7,21/9/2022 0:00,e888eb32,49067cc3,8X5EJG61Hk,669.4,Exempted,0,669.4
4c86465c,21/9/2022 0:00,hnzo75eojx,4f85db51_R_R,3E98Omn83X,357.44,0%,0,357.44
ec264861,21/9/2022 0:00,821a84b5,ba6c5114,,106.26,Exempted,0,106.26
69f2dca7,21/9/2022 0:00,4c243645,e33a6c54,3E98Omn83X,456.42,7%,31.95,488.37
faf14b4c,22/9/2022 0:00,hL800efJnq,a26df86c,8X5EJG61Hk,962.05,7%,67.34,1029.39
c5658d50,22/9/2022 0:00,8qbgngVgJ0,c7c5b094,3E98Omn83X,5567.4,7%,389.72,5957.12
1d13f2de,22/9/2022 0:00,8qbgngVgJ0,81424277,3E98Omn83X,3629.76,7%,254.08,3883.84
d45df77d,22/9/2022 0:00,2ab2c37f,fd719ff6,3E98Omn83X,436.69,7%,30.57,467.26
acf459fb,22/9/2022 0:00,bcd08322,c768b09f,8X5EJG61Hk,4775.09,0%,0,4775.09
0543eea7,22/9/2022 0:00,e6666cbb,76760ca3,8X5EJG61Hk,3395.56,7%,237.69,3633.25
464c588d,22/9/2022 0:00,VCrR9IvzfA,b296a38b,8X5EJG61Hk,4517.46,7%,316.21,4833.67
1c4cf757,23/9/2022 0:00,fc6762bb,c42901de,,146.41,Exempted,0,146.41
6c6cba85,19/9/2022 0:00,58ea2d28,119d376a,gLuyJ85Lwe,40320,7%,2822.4,43142.4
68ad94ac,26/9/2022 0:00,jpZSXU2A8V,15966aca,8X5EJG61Hk,4198.49,7%,293.89,4492.38
07bab14f,26/9/2022 0:00,5bdH431NVo,442cded4,8X5EJG61Hk,4806,7%,336.42,5142.42
45fc8f59,26/9/2022 0:00,a6929d87,06203bd7,3E98Omn83X,581.07,7%,40.67,621.74
f3bbd700,26/9/2022 0:00,98589634,1ac16370,8X5EJG61Hk,241.8,7%,16.93,258.73
375a8045,26/9/2022 0:00,y0YEf0WNtI,85689b15,3E98Omn83X,272.29,7%,19.06,291.35
0b836018,27/9/2022 0:00,FIc17Ck457,14d02768,8X5EJG61Hk,4189.76,7%,293.28,4483.04
77c35f6f,27/9/2022 0:00,90b44782,22bb2f9b,db61a4fe,835.11,7%,58.46,893.57
ff2c2637,27/9/2022 0:00,D5Fk7289x1,6b6bed76,db61a4fe,279.65,7%,19.58,299.23
79ac9384,27/9/2022 0:00,66t9Z8KvlZ,7c11f377,8X5EJG61Hk,5781.31,7%,404.73,6186.04
e0bf8003,27/9/2022 0:00,488t9A161y,ee2d209e,3E98Omn83X,1147.09,7%,80.3,1227.39
9cb76e23,27/9/2022 0:00,D5Fk7289x1,27cf9751,db61a4fe,2038.07,7%,142.66,2180.73
100c7b3f,10/8/2022 0:00,a931a01c,76cbe182,db61a4fe,2600.9,7%,182.06,2782.96
f1fe621f,27/9/2022 0:00,fvIH3Ur1DW,fa89084f,8X5EJG61Hk,4961.6,7%,347.31,5308.91
a6a272cc,29/9/2022 0:00,0301cc99,405d6091,8X5EJG61Hk,4148.5,7%,290.4,4438.9
4426a0bd,29/9/2022 0:00,N6QXxBprMz,57ace81b,8X5EJG61Hk,772.14,7%,54.05,826.19
bf038e52,29/9/2022 0:00,3d2c0780,c7b5f1e4,8X5EJG61Hk,477.61,7%,33.43,511.04
38e5872d,29/9/2022 0:00,14dcb37c,664eb307,3E98Omn83X,590.64,7%,41.34,631.98
0f011661,29/9/2022 0:00,a5580ba7,7185dba3,3E98Omn83X,759.47,7%,53.16,812.63
c314c7b0,30/9/2022 0:00,D5Fk7289x1,ceec774c,db61a4fe,1531.47,7%,107.2,1638.67
5ad8ff10,30/9/2022 0:00,D5Fk7289x1,26019601,db61a4fe,347.96,7%,24.36,372.32
78ebbc1d,30/9/2022 0:00,b0Aif96VUF,40116397,8X5EJG61Hk,762.2,7%,53.35,815.55
e3637529,30/9/2022 0:00,06fa670b,80951328,8X5EJG61Hk,413.65,7%,28.96,442.61
9e795db2,30/9/2022 0:00,ryl1bKOpPO,a0c2ee17,3E98Omn83X,989.31,7%,69.25,1058.56
9a874656,30/9/2022 0:00,3PMyW67W67,17bc7856,3E98Omn83X,1734.19,7%,121.39,1855.58
9616f0de,30/9/2022 0:00,WL91eH602H,a4fae09d,3E98Omn83X,1083.06,7%,75.81,1158.87
1b6ec88f,3/10/2022 0:00,a954a4d6,24723c14_R,3E98Omn83X,168.18,7%,11.77,179.95
3d14dbd4,3/10/2022 0:00,58ea2d28,e41a1618,8X5EJG61Hk,5412.94,7%,378.91,5791.85
ad14339d,3/10/2022 0:00,N6QXxBprMz,d72bf854,8X5EJG61Hk,381.1,7%,26.68,407.78
b2bdd3d3,3/10/2022 0:00,D5Fk7289x1,005407ee,db61a4fe,201.43,7,14.1,215.53
3949f468,4/10/2022 0:00,39N5vR34gp,74e2bd60,8X5EJG61Hk,622.3,7%,43.56,665.86
ba18bc20,4/10/2022 0:00,8Nzo71FGPE,5e7322fd,3E98Omn83X,3551.12,7%,248.58,3799.7
8edf4c11,4/10/2022 0:00,3PMyW67W67,75a03446,3E98Omn83X,2714.4,7%,190.01,2904.41
36b39bb5,4/10/2022 0:00,373l7aeAL7,a39ee0c2,3E98Omn83X,667,7%,46.69,713.69
b80b74ec,5/10/2022 0:00,c4c492a5,172ce724,8X5EJG61Hk,840.5,7%,58.84,899.34
dda09267,5/10/2022 0:00,rAmb9tQZRc,2a5c09d4,8X5EJG61Hk,677.37,7%,47.42,724.79
83364169,5/10/2022 0:00,660014bd,c036ae81,8X5EJG61Hk,1159.3,7%,81.15,1240.45
afc3b08a,6/10/2022 0:00,9or4RfVO6l,08f455ce,8X5EJG61Hk,858.5,7%,60.1,918.6
1b063b99,6/10/2022 0:00,8Nzo71FGPE,870a6341,3E98Omn83X,5856.81,7%,409.98,6266.79
20c97187,7/10/2022 0:00,31h6x6N35A,5d845ea5,8X5EJG61Hk,1300.99,7%,91.07,1392.06
7b5fe43c,7/10/2022 0:00,hL800efJnq,593f818d,8X5EJG61Hk,635.58,7%,44.49,680.07
5132b2b6,11/10/2022 0:00,UzdUJe146M,0ad2315e,8X5EJG61Hk,2100,0%,0,2100
2ca924a3,11/10/2022 0:00,83d70898,5a803968,8X5EJG61Hk,1747.93,7%,122.36,1870.29
36fa2c64,11/10/2022 0:00,fc2e2fdc,fa47faad,8X5EJG61Hk,1747.93,7%,122.36,1870.29
26e9b09f,11/10/2022 0:00,69dc9b2b,08322b3e,8X5EJG61Hk,278.34,7%,19.48,297.82
66292af6,11/10/2022 0:00,bcd08322,a2a2b803,8X5EJG61Hk,361.98,7%,25.34,387.32
7afcce07,11/10/2022 0:00,3370dc6d,895aaac6,,1999.15,Exempted,0,1999.15
30dfc8e1,12/10/2022 0:00,j6v26jLuwm,8e4ec3c7,T8qy67453l,4270.79,Exempted,0,4270.79
0a22ffa4,12/10/2022 0:00,5960fa38,03d007cf,8X5EJG61Hk,1100.94,7%,77.07,1178.01
0275efe9,12/10/2022 0:00,OCyg84BDvJ,cecde70f,db61a4fe,1499.15,7%,104.94,1604.09
2aa3e877,12/10/2022 0:00,jjC9BO9046,d0172d85,3E98Omn83X,69.92,7%,4.89,74.81
0dd934e1,13/10/2022 0:00,46a567b9,c47f9131,8X5EJG61Hk,1612.53,7%,112.88,1725.41
092d8aab,13/10/2022 0:00,f8fd4217,c34b05ae,,475.97,Exempted,0,475.97
dd0a1f5f,13/10/2022 0:00,UzdUJe146M,0b7051b0,8X5EJG61Hk,3222.99,7%,225.61,3448.6
3ec362b8,13/10/2022 0:00,19ac2e87,e356533c,3E98Omn83X,318.67,7%,22.31,340.98
c6f30312,13/10/2022 0:00,fvIH3Ur1DW,38cff7a6,8X5EJG61Hk,1591.36,7%,111.4,1702.76
6cbbd89d,13/10/2022 0:00,hnzo75eojx,4f85db51,3E98Omn83X,3197.95,7%,223.86,3421.81
c9139fb2,14/10/2022 0:00,33eff098,1c0943bb,3E98Omn83X,265.77,7%,18.6,284.37
b2240b85,14/10/2022 0:00,08ac971a,b08a6e61,8X5EJG61Hk,2525.65,7%,176.8,2702.45
5629f911,14/10/2022 0:00,g084484ZO9,be0bceb1,8X5EJG61Hk,4961,0%,0,4961
1214c057,14/10/2022 0:00,hL800efJnq,24f58c35,8X5EJG61Hk,248.64,7%,17.4,266.04
ccd47f07,17/10/2022 0:00,ryl1bKOpPO,3becaa93,3E98Omn83X,1282.07,7%,89.74,1371.81
2179088c,17/10/2022 0:00,90b44782,1375ae31,db61a4fe,4076.15,7%,285.33,4361.48
29f120d1,17/10/2022 0:00,58ea2d28,119d376a,gLuyJ85Lwe,16800,7%,1176,17976
1d39b44a,17/10/2022 0:00,9ff9b68f,4e94dce5,,185,Exempted,0,185
354bae63,17/10/2022 0:00,5960fa38,196d2ddd,00485f01,1660.22,7%,116.22,1776.44
2180d1ba,17/10/2022 0:00,3PvNP4W32c,8f860613,8X5EJG61Hk,582.9,7%,40.8,623.7
aeb28368,17/10/2022 0:00,xw71fJ415b,37586bc5,3E98Omn83X,4592,0%,0,4592
98dcaaf9,18/10/2022 0:00,3f72f471,3daa9487,8X5EJG61Hk,1111.54,7%,77.81,1189.35
91231a7a,18/10/2022 0:00,c0a89625,b3907b5b,,384.04,Exempted,0,384.04
1b550e38,18/10/2022 0:00,a293033e,b1d1151e,3E98Omn83X,1805.9,7%,126.41,1932.31
fdc34c72,18/10/2022 0:00,7de5c7bf,3339bda8,,145.93,Exempted,0,145.93
4ac9a227,18/10/2022 0:00,1b394916,a376e5da,3E98Omn83X,5998.24,7%,419.88,6418.12
e4fe5a69,19/10/2022 0:00,92aae798,4e905d49,3E98Omn83X,390,7%,27.3,417.3
20c4e3f9,19/10/2022 0:00,863ed0b1,5463aa81,,183.23,Exempted,0,183.23
52394ea5,19/10/2022 0:00,lD89r7qsyL,abdb29d9,8X5EJG61Hk,869.91,7,60.89,930.8
dd431231,19/10/2022 0:00,9df86703,f1de0d60,3E98Omn83X,1310,7%,91.7,1401.7
438df072,19/10/2022 0:00,d6bb1fb5,3346c88e,00485f01,201.83,7%,14.13,215.96
128d1c61,19/10/2022 0:00,e3f3c9e7,fc0501b6,3E98Omn83X,4372.5,7%,306.08,4678.58
ab441b83,20/10/2022 0:00,a4122309,d43826e0,00485f01,878.59,7%,61.5,940.09
b869b894,20/10/2022 0:00,Q8nomXWRc2,4676b97b,3E98Omn83X,1167.87,7%,81.75,1249.62
3a8f85f9,20/10/2022 0:00,3d2c0780,89da3f84,00485f01,541.36,7%,37.9,579.26
e567b91a,20/10/2022 0:00,4aaef7ec,2fbceb01,,145.93,Exempted,0,145.93
48aec11f,20/10/2022 0:00,z0I0Z6U6nv,ced95c85,8X5EJG61Hk,1322.67,7%,92.59,1415.26
456419ed,20/10/2022 0:00,Ss1dWMP4hX,6eccc728,8X5EJG61Hk,788.72,7%,55.21,843.93
5440619f,20/10/2022 0:00,Kmm2hp73qi,c941ae1f,8X5EJG61Hk,304.15,7%,21.29,325.44
c5276712,20/10/2022 0:00,6AyX6y7B9p,ee4978b5,8X5EJG61Hk,1424.3,7%,99.7,1524
e01f36a3,21/10/2022 0:00,K92gCb2qYl,36bf073f,3E98Omn83X,556.45,7%,38.95,595.4
1592c124,21/10/2022 0:00,a954a4d6,24723c14,3E98Omn83X,301.89,7%,21.13,323.02
e06ceb78,21/10/2022 0:00,0V2xk11Hj4,486dd416,00485f01,1752.29,7%,122.66,1874.95
0841e2aa,6/10/2022 0:00,07acaa1f,7a7473fd,,1744.25,Exempted,0,1744.25
21b324d3,24/10/2022 0:00,07acaa1f,1633dce5,,4670.55,Exempted,0,4670.55
48884387,22/10/2022 0:00,1w5H2WCoXZ,34a54a0c,db61a4fe,816.2,7%,57.13,873.33
c96fa3f4,22/10/2022 0:00,73f39ab2,5fb955af,db61a4fe,964.24,7%,67.5,1031.74
4fe49d1b,25/10/2022 0:00,9or4RfVO6l,951fdf33,8X5EJG61Hk,808.46,7%,56.59,865.05
02fedbc5,25/10/2022 0:00,D5Fk7289x1,c529ab68,db61a4fe,219.36,7%,15.36,234.72
e9cb1787,26/10/2022 0:00,488t9A161y,eeea7dd2,3E98Omn83X,3026.57,7%,211.86,3238.43
52d80796,26/10/2022 0:00,0WoOQFQSLY,c56f5ee4,8X5EJG61Hk,4888.8,7%,342.22,5231.02
5e22d686,26/10/2022 0:00,425cS82HkQ,8a46974e,3E98Omn83X,2341.9,0%,0,2341.9
81248578,27/10/2022 0:00,y0YEf0WNtI,946a77b3,db61a4fe,550.14,7%,38.51,588.65
a9af973b,27/10/2022 0:00,bcd08322,472bb001,8X5EJG61Hk,1059.8,7%,74.19,1133.99
4bbd2254,27/10/2022 0:00,4c243645,f98ab532,3E98Omn83X,1069.65,7%,74.88,1144.53
5aa95a8f,28/10/2022 0:00,2af389b6,c4277922,3E98Omn83X,321.58,7%,22.51,344.09
07a60bc5,28/10/2022 0:00,Z3UDr9nQA8,35f09a74,3E98Omn83X,1547,7%,108.29,1655.29
11c3c8bc,28/10/2022 0:00,e6666cbb,c6316bc7,8X5EJG61Hk,1754.34,7%,122.8,1877.14
9a6ef5d7,28/10/2022 0:00,e6666cbb,c6316bc7,8X5EJG61Hk,856,7%,59.92,915.92
eddddb3d,28/10/2022 0:00,fvIH3Ur1DW,462a295c,8X5EJG61Hk,1092.12,7%,76.45,1168.57
1baeab9f,31/10/2022 0:00,660014bd,6bcd01be,8X5EJG61Hk,2029.8,7%,142.09,2171.89
2af8c396,31/10/2022 0:00,660014bd,10f79ebd,8X5EJG61Hk,352.38,7%,24.67,377.05
fa67344c,31/10/2022 0:00,e99f4d98,7386acc3_R,db61a4fe,1094.43,Exempted,0,1094.43
2d666892,31/10/2022 0:00,f2680bfb,5315bb18,8X5EJG61Hk,4680.11,7%,327.61,5007.72
2de5c506,31/10/2022 0:00,ocp0nUa4ER,3618b557,00485f01,3519.81,7%,246.39,3766.2
3f56a433,31/10/2022 0:00,d47095b4,ef5d2f1e,,191.51,Exempted,0,191.51
8a1c9843,31/10/2022 0:00,y3rYf2f9gy,8fb1e8f5_R,3E98Omn83X,1065,7%,74.55,1139.55
9007204e,1/11/2022 0:00,fEXeW6R1J3,913de352,8X5EJG61Hk,511.79,7%,35.83,547.62
0df0df1a,1/11/2022 0:00,9f0e5dea,b3abb4f8,,99.94,Exempted,0,99.94
b2f49e1d,20/9/2022 0:00,hnzo75eojx,4f85db51_R,3E98Omn83X,1818.7,0%,0,1818.7
b2a4e3a4,20/9/2022 0:00,hnzo75eojx,4f85db51_R_R,3E98Omn83X,357.44,0%,0,357.44
75f341f3,1/11/2022 0:00,d9af810e,48334f33,3E98Omn83X,4204.57,7%,294.32,4498.89
c2bb4092,1/11/2022 0:00,D6O4LUfz2f,70a9da9a_R,8X5EJG61Hk,833.91,7%,58.37,892.28
bb5783db,1/11/2022 0:00,yj1ftFtzU2,c59e168b,8X5EJG61Hk,1466.4,7%,102.65,1569.05
9329bd8b,1/11/2022 0:00,Z3UDr9nQA8,394a555d_R,3E98Omn83X,281.53,7%,19.71,301.24
c0c20135,2/11/2022 0:00,g084484ZO9,e280b00b,8X5EJG61Hk,3381.18,7%,236.68,3617.86
cbf7bd8f,3/11/2022 0:00,06suB5p2mX,d82ac879,3E98Omn83X,343.98,7%,24.08,368.06
7b115c36,3/11/2022 0:00,5e4f9e69,e706bba6,8X5EJG61Hk,251.4,7%,17.6,269
c7a56b8c,3/11/2022 0:00,4c243645,9401115d,3E98Omn83X,350.57,7%,24.54,375.11
5073c9ff,3/11/2022 0:00,d4189978,4eec7fd4,8X5EJG61Hk,4450.31,Exempted,0,4450.31
d9e93570,4/11/2022 0:00,ItssapCSik,8dd0ba39,3E98Omn83X,3073.69,7%,215.16,3288.85
97a91359,4/11/2022 0:00,bcd08322,e858317b,8X5EJG61Hk,1632.53,7%,114.28,1746.81
c1bdafc3,7/11/2022 0:00,PeAw8cWKyB,3aa4615c,00485f01,214.05,7%,14.98,229.03
bb3db0cb,7/11/2022 0:00,PeAw8cWKyB,3aa4615c_R,00485f01,214.05,7%,14.98,229.03
4155b643,7/11/2022 0:00,1f6et5pP1O,21df2146,gLuyJ85Lwe,211.1,7%,14.78,225.88
0da7f5ea,7/11/2022 0:00,3PMyW67W67,244b69b0,3E98Omn83X,49.11,7%,3.44,52.55
1b34706b,8/11/2022 0:00,XpP0Bn0s55,52564f46_R,,1623.6,7%,113.65,1737.25
4e6ff401,8/11/2022 0:00,c049c15c,9c38235a,db61a4fe,321.7,7%,22.52,344.22
87a387b5,8/11/2022 0:00,5bdH431NVo,442cded4_R,,3204,7%,224.28,3428.28
87fa934c,8/11/2022 0:00,39N5vR34gp,33aafa08,8X5EJG61Hk,262.42,7%,18.37,280.79
dafd74e8,8/11/2022 0:00,D5Fk7289x1,b6e68580,db61a4fe,347.03,7%,24.29,371.32
bb298bfc,8/11/2022 0:00,TELcJA9M9q,12cb5184,3E98Omn83X,2903.68,7%,203.26,3106.94
da82403a,8/11/2022 0:00,863ed0b1,feed547a,,397.04,Exempted,0,397.04
37bb712a,8/11/2022 0:00,a4122309,56f05c06,00485f01,2496.3,7%,174.74,2671.04
b74d753f,8/11/2022 0:00,5960fa38,28c80fdc,8X5EJG61Hk,728.84,7%,51.02,779.86
560b9e8f,8/11/2022 0:00,fEXeW6R1J3,378dca20,8X5EJG61Hk,1788.57,7%,125.2,1913.77
bdc328ad,8/11/2022 0:00,33eff098,81ac6272,3E98Omn83X,648.12,7%,45.37,693.49
1161489d,8/11/2022 0:00,99a27d7f,10dd0cc5,8X5EJG61Hk,2490.39,7%,174.33,2664.72
f4300426,8/11/2022 0:00,ab1db7d7,d6603e4e,3E98Omn83X,209.56,7%,14.67,224.23
6803d982,9/11/2022 0:00,Ss1dWMP4hX,dcbf5c19_R_R,8X5EJG61Hk,844.44,7%,59.11,903.55
a56ebcd1,9/11/2022 0:00,jpZSXU2A8V,18f48924,8X5EJG61Hk,438.19,7%,30.67,468.86
c897c336,9/11/2022 0:00,378b5bbc,abe7a867,3E98Omn83X,1159.88,7%,81.19,1241.07
e4ca6a6c,9/11/2022 0:00,ab389a4d,4bab8049,3E98Omn83X,351.14,7%,24.58,375.72
84bc0b1b,10/11/2022 0:00,91c0552c,eab7217a,3E98Omn83X,2572.09,7%,180.05,2752.14
619dc141,10/11/2022 0:00,39N5vR34gp,ac795f97,8X5EJG61Hk,260.97,7%,18.27,279.24
d9e862bc,10/11/2022 0:00,a5580ba7,834f8040,3E98Omn83X,1208,7%,84.56,1292.56
cf94bdfd,10/11/2022 0:00,5q282qed0R,bec20bf0,gLuyJ85Lwe,3776,7%,264.32,4040.32
a28c19bf,10/11/2022 0:00,f3a2155c,93b73b01,,535.74,Exempted,0,535.74
1dac2f8b,11/11/2022 0:00,8NvT14dzV7,771a74c2,00485f01,667,7%,46.69,713.69
3e29f5d5,11/11/2022 0:00,0Kelg0pVDL,fcb2ce59,00485f01,802.6,7%,56.18,858.78
5858d135,11/11/2022 0:00,fEXeW6R1J3,3e0c26a1,8X5EJG61Hk,595.41,7%,41.68,637.09
aed01052,11/11/2022 0:00,655074b6,84787dc5,8X5EJG61Hk,294.96,7%,20.65,315.61
43009b41,14/11/2022 0:00,2e21a003,e010d048,,448.63,Exempted,0,448.63
78dbee6b,14/11/2022 0:00,TELcJA9M9q,e5207418,3E98Omn83X,4916.93,Exempted,0,4916.93
65ffe824,14/11/2022 0:00,D6O4LUfz2f,e0aa69be,8X5EJG61Hk,5303.33,7%,371.23,5674.56
0d7caa97,14/11/2022 0:00,b16d86b4,9895047e,8X5EJG61Hk,514.56,7%,36.02,550.58
9f0e3693,14/11/2022 0:00,1b04ee43,c9025ded,3E98Omn83X,523.11,7%,36.62,559.73
10686cec,14/11/2022 0:00,79hR9tOBwB,98c41dca,00485f01,5441.32,7%,380.89,5822.21
d3af81eb,14/11/2022 0:00,06suB5p2mX,f7a95a5b,gLuyJ85Lwe,320,7%,22.4,342.4
ead8aacd,14/11/2022 0:00,69dc9b2b,85443cae,00485f01,198.5,7%,13.9,212.4
f2782336,14/11/2022 0:00,wD0mqPXvsw,9e8b529c,db61a4fe,1594.8,7%,111.64,1706.44
89284b69,14/11/2022 0:00,0c92866e,3f3093df,,234.06,Exempted,0,234.06
d2a4444e,15/11/2022 0:00,hL800efJnq,1b6eed4d,8X5EJG61Hk,111.64,7%,7.81,119.45
c8d9c6fd,15/11/2022 0:00,dffe99c7,49e7f9a0,3E98Omn83X,181.8,7%,12.73,194.53
c31b3055,15/11/2022 0:00,hL800efJnq,34f58d4f,8X5EJG61Hk,1031.38,7%,72.2,1103.58
e443aa07,16/11/2022 0:00,XpP0Bn0s55,ec041b71_R,,223.75,7%,15.66,239.41
77cd55cd,16/11/2022 0:00,u9Q7w1CAQT,5560f41d,8X5EJG61Hk,2588.04,7%,181.16,2769.2
7dbe81c8,16/11/2022 0:00,8Nzo71FGPE,0051e27d,3E98Omn83X,4442.17,7%,310.95,4753.12
c36d7eab,16/11/2022 0:00,39N5vR34gp,376bc099,8X5EJG61Hk,50.74,7%,3.55,54.29
b3fa6fa0,16/11/2022 0:00,D5Fk7289x1,c029b6e1_R,db61a4fe,446.61,7%,31.26,477.87
da86e1af,17/11/2022 0:00,Zgf6bE537J,55bae8f1,gLuyJ85Lwe,880.8,0%,0,880.8
fbcb21ef,17/11/2022 0:00,2d38838a,b33a5d7a,8X5EJG61Hk,480.83,Exempted,0,480.83
d6eb64b9,17/11/2022 0:00,19ac2e87,90e725de,3E98Omn83X,318.52,7%,22.3,340.82
c65dd737,17/11/2022 0:00,4u7s55Vw34,aa554b2d,3E98Omn83X,84.92,7%,5.94,90.86
9ffd7d1b,17/11/2022 0:00,1f6et5pP1O,ac91fd80,00485f01,653.76,7%,45.76,699.52
3ea8edaf,17/11/2022 0:00,2d38838a,9d6363a5,8X5EJG61Hk,2226.76,7%,155.87,2382.63
a7176c32,21/11/2022 0:00,4Yk09HecPy,6db6ff78,8X5EJG61Hk,3718.71,7%,260.31,3979.02
54b51826,21/11/2022 0:00,f63e6d5a,35ceb9fd,8X5EJG61Hk,1003.31,7%,70.23,1073.54
a7232277,21/11/2022 0:00,39N5vR34gp,2dfc8325,8X5EJG61Hk,533.54,7%,37.35,570.89
4a9fbb2f,21/11/2022 0:00,fEXeW6R1J3,3b13134b,8X5EJG61Hk,775.06,7%,54.25,829.31
f55e0ac3,21/11/2022 0:00,47dc23c1,a2db42fe,8X5EJG61Hk,420.26,7%,29.42,449.68
697c2d9b,21/11/2022 0:00,7f8bcd20,bdec49b1,8X5EJG61Hk,558,7%,39.06,597.06
60663153,21/11/2022 0:00,81db877e,bc93c4fe,,80.94,Exempted,0,80.94
7e4b1de0,22/11/2022 0:00,06fa670b,1a90fd2a,8X5EJG61Hk,2319.75,7%,162.38,2482.13
32ea2e03,22/11/2022 0:00,Ebd710R95D,e71aacdc,8X5EJG61Hk,3789.12,0%,0,3789.12
f8e1151a,22/11/2022 0:00,bfdf28bf,da33140d,8X5EJG61Hk,1474.35,0%,0,1474.35
0ef7d62e,23/11/2022 0:00,ba4d3fb0,f39acc17,00485f01,1577.44,7%,110.42,1687.86
f11b0a4a,23/11/2022 0:00,ItssapCSik,3afb2839,3E98Omn83X,350,7%,24.5,374.5
72ff08cd,23/11/2022 0:00,rAmb9tQZRc,f0ac869d,8X5EJG61Hk,976.6,7%,68.36,1044.96
b64eb94e,23/11/2022 0:00,6462402c,d35a1350,8X5EJG61Hk,508.95,7%,35.63,544.58
e90d1137,23/11/2022 0:00,eb3f99cb,9602eb06,8X5EJG61Hk,4339.62,7%,303.77,4643.39
4098cecf,23/11/2022 0:00,Y2MYCQ56NK,be9cab7f,3E98Omn83X,4694.33,7%,328.6,5022.93
01b9a895,24/11/2022 0:00,a4122309,fd636572,00485f01,449.05,7%,31.43,480.48
a3a97dd1,24/11/2022 0:00,xhT0E4h7iP,1a7b3430,8X5EJG61Hk,795.35,7%,55.67,851.02
182b77de,24/11/2022 0:00,bcd08322,c142ee27,8X5EJG61Hk,2140.97,7%,149.87,2290.84
413903b1,24/11/2022 0:00,PeAw8cWKyB,ba030b73,00485f01,338.2,7%,23.67,361.87
8c28555c,24/11/2022 0:00,1w5H2WCoXZ,64627ac3,db61a4fe,479.55,7%,33.57,513.12
2d403fac,24/11/2022 0:00,3PMyW67W67,21820f20,3E98Omn83X,188.16,7%,13.17,201.33
6dd8652b,24/11/2022 0:00,7U11hqF1B5,ba25bbee,00485f01,2119.26,7%,148.35,2267.61
a682d883,25/11/2022 0:00,19ac2e87,59c9d342,3E98Omn83X,1391.7,7%,97.42,1489.12
3efd6817,25/11/2022 0:00,4dbf6714,19543572,3E98Omn83X,310.15,7%,21.71,331.86
152ab685,25/11/2022 0:00,d96409f0,6f5b9182,T8qy67453l,429.15,7%,30.04,459.19
f4045751,25/11/2022 0:00,bad8d02a,70c5557f,00485f01,713.14,7%,49.92,763.06
39b7a4c0,25/11/2022 0:00,D5Fk7289x1,300eb44c,db61a4fe,532.81,7%,37.3,570.11
5428b564,25/11/2022 0:00,1w5H2WCoXZ,d17613a6,db61a4fe,1272.38,7%,89.07,1361.45
36289a9d,28/11/2022 0:00,06a07fb3,334a9da0,8X5EJG61Hk,537.4,7%,37.62,575.02
73e28dd6,28/11/2022 0:00,64a5a3d4,05470ac4,db61a4fe,153.31,Exempted,0,153.31
24e7fbcd,28/11/2022 0:00,64a5a3d4,10970d22,,181.08,Exempted,0,181.08
379866c7,29/11/2022 0:00,fe609575,17bfb9fe,8X5EJG61Hk,3983.68,0%,0,3983.68
d72db876,29/11/2022 0:00,a4122309,02b1c056,00485f01,1337.69,7%,93.64,1431.33
de362f20,29/11/2022 0:00,94bf9b25,b981ac96,3E98Omn83X,372.2,7%,26.05,398.25
95c166d2,29/11/2022 0:00,dffe99c7,49e7f9a0_R,3E98Omn83X,155.4,Exempted,0,155.4
6dad02a4,29/11/2022 0:00,jpZSXU2A8V,4b783c23,8X5EJG61Hk,445.32,7%,31.17,476.49
e1959ac0,29/11/2022 0:00,f11444d4,d511bf70,00485f01,4502.48,7%,315.17,4817.65
9cea9807,29/11/2022 0:00,06suB5p2mX,c6bced30,3E98Omn83X,165.44,7%,11.58,177.02
bccd7c22,29/11/2022 0:00,uoQUND7q4X,c7b1e7a7,00485f01,208.86,7%,14.62,223.48
1969c473,30/11/2022 0:00,15jpR2Djf1,27e2e542,T8qy67453l,459.26,7%,32.15,491.41
ca363e53,30/11/2022 0:00,06fa670b,2cc15c38,8X5EJG61Hk,671.86,7%,47.03,718.89
f9e43b36,30/11/2022 0:00,GHbrZ9WLG3,d6aea5d7,8X5EJG61Hk,815.51,7%,57.09,872.6
e4b82e11,30/11/2022 0:00,aH6287thSV,0ef8f668,8X5EJG61Hk,1441.83,7%,100.93,1542.76
78eb1d96,30/11/2022 0:00,VLSxI59801,bc2f4c18,3E98Omn83X,151.33,7%,10.59,161.92
d7372520,1/12/2022 0:00,a5580ba7,4ee7391a,3E98Omn83X,1056.1,7%,73.93,1130.03
3ab1194b,1/12/2022 0:00,jpZSXU2A8V,8bc3f96f,8X5EJG61Hk,267.5,7%,18.73,286.23
2c664ca5,1/12/2022 0:00,06fa670b,1db6682b,8X5EJG61Hk,215.43,7%,15.08,230.51
2a6f4f63,1/12/2022 0:00,8Nzo71FGPE,a1c9a4d7,3E98Omn83X,4697.52,7%,328.83,5026.35
7d31362a,2/11/2022 0:00,MvZ970O57a,c2b959c9,3E98Omn83X,216.52,7%,15.16,231.68
9718081a,1/12/2022 0:00,g084484ZO9,e36f6a51,8X5EJG61Hk,1285,7%,89.95,1374.95
e292b8f8,1/12/2022 0:00,Pox366MK2r,1e42e2ab,8X5EJG61Hk,4860,Exempted,0,4860
16e9e86b,8/3/2022 0:00,lRbOdn1f5e,92d56259,8X5EJG61Hk,439,,0,439
c3da72d2,2/12/2022 0:00,655074b6,540a694c,8X5EJG61Hk,777.75,7%,54.44,832.19
7762664e,2/12/2022 0:00,a931a01c,e5dd4c83,db61a4fe,1136.7,7%,79.57,1216.27
b8ce334c,2/12/2022 0:00,2af389b6,c4277922_R,3E98Omn83X,224.1,7%,15.69,239.79
9e349ea3,6/12/2022 0:00,3f72f471,ecc0ac2d,8X5EJG61Hk,161.44,7%,11.3,172.74
f9786852,5/12/2022 0:00,fEXeW6R1J3,21a42852,8X5EJG61Hk,786.92,7%,55.08,842
046fef0f,5/12/2022 0:00,4ZRd9NGZZQ,3d786c26,3E98Omn83X,1199.33,7%,83.95,1283.28
e0d4cc53,6/12/2022 0:00,4ZRd9NGZZQ,7bff0120,3E98Omn83X,993.12,7%,69.52,1062.64
8cd8f2b6,6/12/2022 0:00,ab389a4d,6c375225,3E98Omn83X,1166.88,7%,81.68,1248.56
6e2af81d,5/12/2022 0:00,fEXeW6R1J3,3a8950cc,8X5EJG61Hk,517.83,7%,36.25,554.08
ffd37b89,6/12/2022 0:00,39N5vR34gp,f79df5b0,8X5EJG61Hk,381.3,7%,26.69,407.99
b3132c71,4/12/2022 0:00,8qbgngVgJ0,bdd80165,3E98Omn83X,2338.11,7%,163.67,2501.78
9c593760,5/12/2022 0:00,4ZRd9NGZZQ,eda2096d,3E98Omn83X,702.4,7%,49.17,751.57
d424104f,6/12/2022 0:00,VCrR9IvzfA,3a11cb0a,T8qy67453l,3115.81,7%,218.11,3333.92
eafb69cb,7/12/2022 0:00,hL800efJnq,e8f20ca9,8X5EJG61Hk,329.56,7%,23.06,352.62
606ea693,7/12/2022 0:00,f47da2fc,2e342cc2,8X5EJG61Hk,372.12,7%,26.05,398.17
2a540459,6/12/2022 0:00,4ZRd9NGZZQ,e4f5197b,3E98Omn83X,557.18,Exempted,0,557.18
6d9ee8e9,8/12/2022 0:00,ba0aff8d,c1ffa12c,db61a4fe,2672,7%,187.04,2859.04
bfbe55c1,8/12/2022 0:00,06fa670b,e8b5e93a,8X5EJG61Hk,1777.44,7%,124.42,1901.86
94d0efc7,8/12/2022 0:00,KDPNJN51Yk,4957ebc0,8X5EJG61Hk,290.8,7%,20.36,311.16
484c8ea2,8/12/2022 0:00,39N5vR34gp,8f84ee7f,8X5EJG61Hk,361.3,7%,25.29,386.59
6753308d,8/12/2022 0:00,ocp0nUa4ER,3dbe76b9,00485f01,216.51,7%,15.16,231.67
c08ec034,8/12/2022 0:00,231f5f55,8d047d89,8X5EJG61Hk,1163.55,0%,0,1163.55
aeafedf9,8/12/2022 0:00,a8d72cc1,24e8d1ef,,307,Exempted,0,307
aa99b448,8/12/2022 0:00,faff5ef8,dfda95c3,,378.92,Exempted,0,378.92
dad306c6,8/12/2022 0:00,6ceb001e,938f1851,8X5EJG61Hk,421.91,7%,29.53,451.44
df12ea34,9/12/2022 0:00,TELcJA9M9q,a8fbaf61,3E98Omn83X,4965.03,Exempted,0,4965.03
1a154660,9/12/2022 0:00,TELcJA9M9q,c9a37481,3E98Omn83X,4959.29,Exempted,0,4959.29
924b54c6,9/12/2022 0:00,6460ff92,8958a990,3E98Omn83X,520.32,7%,36.42,556.74
18606f55,9/12/2022 0:00,TELcJA9M9q,ea83f2e4_R,3E98Omn83X,4989.49,7%,349.26,5338.75
a46d668e,9/12/2022 12:57,GSdCKW3Z5w,eb5819f2,8X5EJG61Hk,5965.2,7%,417.56,6382.76
d982e4a0,9/12/2022 15:27,44941260,fa4b6ecb,,161,Exempted,0,161
d468f4cf,9/12/2022 15:28,6e098aa6,1309e8f1,,593,Exempted,0,593
1d4f29b8,9/12/2022 16:17,08ac971a,10d9f497,8X5EJG61Hk,93.64,7%,6.55,100.19
34e3b242,9/12/2022 16:36,660014bd,d7f7c6c6,8X5EJG61Hk,1370.52,Exempted,0,1370.52
4aa0788b,17/11/2022 18:10,f63e6d5a,a043add7,8X5EJG61Hk,1024.8,7%,71.74,1096.54
e65b8715,12/12/2022 9:48,ygrNSaz4bh,9995de64,8X5EJG61Hk,2756.93,Exempted,0,2756.93
27a58ceb,12/12/2022 9:59,X2ywZ9GnQE,47d60a0c,8X5EJG61Hk,4257.48,7%,298.02,4555.5
f95e6799,12/12/2022 10:04,ba4d3fb0,ffb091ad,00485f01,1670.01,7%,116.9,1786.91
07641bde,12/12/2022 12:14,fvIH3Ur1DW,e2a77d12,8X5EJG61Hk,195.89,7%,13.71,209.6
d728c3c6,12/12/2022 14:52,K92gCb2qYl,b771c178,3E98Omn83X,729.27,7%,51.05,780.32
975bb446,12/12/2022 17:53,VLSxI59801,c516a7e7,3E98Omn83X,1165.61,7%,81.59,1247.2
ab013919,13/12/2022 11:06,06fa670b,0bbe9bed,8X5EJG61Hk,1704.53,7%,119.32,1823.85
9ebb6f41,13/12/2022 11:15,06fa670b,db703049,8X5EJG61Hk,1407.54,7%,98.53,1506.07
c9fe1ae0,13/12/2022 11:36,a293033e,3b4505e6,3E98Omn83X,1262.24,7%,88.36,1350.6
73772a87,13/12/2022 14:59,lD89r7qsyL,63271faf,8X5EJG61Hk,1845,7%,129.15,1974.15
7de4c096,14/12/2022 10:04,4f18u3537C,d7d17ea4,db61a4fe,1516.17,7%,106.13,1622.3
99c80fa4,14/12/2022 10:12,58ea2d28,119d376a,gLuyJ85Lwe,42560,7%,2979.2,45539.2
ab4ad6f4,4/5/2022 11:39,81bea910,18dfbbdb,,98,Exempted,0,98
9e06a520,29/4/2022 11:58,81bea910,70efdaac,,20,Exempted,0,20
8163f542,14/12/2022 14:39,53f1bbdc,870b977f,8X5EJG61Hk,3514.68,7%,246.03,3760.71
256611ed,14/12/2022 17:27,bbd2f7c9,75f5eb9d,3E98Omn83X,712.3,7%,49.86,762.16
626905a3,15/12/2022 9:48,5960fa38,919579f2,00485f01,293.94,7%,20.58,314.52
d14a2366,15/12/2022 10:53,gndBO4Ol94,7f67d9bf,db61a4fe,455,0%,0,455
4f36a1d0,15/12/2022 13:27,2814f973,a2ca7a20,,131,Exempted,0,131
948789d6,15/12/2022 13:45,98589634,cf3df854,00485f01,3681.54,7%,257.71,3939.25
274eec36,15/12/2022 14:31,4DS6poaMwG,6af03758,3E98Omn83X,222.66,7%,15.59,238.25
ac67735b,15/12/2022 16:50,3d1a9c2e,4d2aa08d,8X5EJG61Hk,621,7%,43.47,664.47
b6ae27a0,16/12/2022 10:24,jpZSXU2A8V,6d2c7232,8X5EJG61Hk,2254.5,7%,157.82,2412.32
eea92fe3,16/12/2022 10:35,4cabf380,5dd7960c,db61a4fe,234.63,7%,16.42,251.05
6f4ee1ad,16/12/2022 10:48,ItssapCSik,528cfe2b,3E98Omn83X,2547.24,7%,178.31,2725.55
0f497e09,16/12/2022 10:57,69dc9b2b,db454efc_R,00485f01,1249.43,7%,87.46,1336.89
f0be758e,16/12/2022 18:14,4ZRd9NGZZQ,d1445217,3E98Omn83X,948.88,7%,66.42,1015.3
51eaf692,16/12/2022 18:23,98589634,478beef3,00485f01,2390.65,Exempted,0,2390.65
3fbcb907,19/12/2022 10:02,4ZRd9NGZZQ,d3c03dc5,3E98Omn83X,1018.72,7%,71.31,1090.03
924f4246,19/12/2022 10:25,bad8d02a,17025917,00485f01,170.6,7%,11.94,182.54
8731fa06,19/12/2022 16:32,D5Fk7289x1,c029b6e1,db61a4fe,992.91,7%,69.5,1062.41
72863aa3,19/12/2022 17:35,0c83fde9,3a9f45fc,db61a4fe,222.72,7%,15.59,238.31
b1c847b7,19/12/2022 17:52,fEXeW6R1J3,3d786c26_R,3E98Omn83X,890.64,7%,62.34,952.98
f57e243d,19/12/2022 18:56,1292f213,4e2ba26c,3E98Omn83X,1194.35,7%,83.6,1277.95
cf85b2e1,20/12/2022 10:42,6ceb001e,bd95c249,8X5EJG61Hk,2210.62,7%,154.74,2365.36
f5fd850e,20/12/2022 17:25,011a0164,e1d858c4,db61a4fe,577.35,7%,40.41,617.76
64e30cba,15/12/2022 10:43,c42a311e,d06879ca,db61a4fe,770,0%,0,770
fba7d22d,21/12/2022 17:04,1c127085,f9ac7e76,3E98Omn83X,133.87,0%,0,133.87
9c3fcda4,21/12/2022 18:36,b99e96ff,6a7a1d4e,8X5EJG61Hk,3551.18,7%,248.58,3799.76
a1a877d9,22/12/2022 10:50,8Nzo71FGPE,61c64486,3E98Omn83X,4117.58,Exempted,0,4117.58
40f44f16,22/12/2022 13:18,VLSxI59801,e9855803,3E98Omn83X,72.29,7%,5.06,77.35
b03479e6,22/12/2022 13:47,8z4IYYaYdd,5fc78951,db61a4fe,4556,7%,318.92,4874.92
e92bb1b0,22/12/2022 17:07,fEXeW6R1J3,9a50e160,8X5EJG61Hk,798.83,7%,55.92,854.75
dbb918c6,23/12/2022 16:18,f47da2fc,71943206_R,3E98Omn83X,871.41,7%,61,932.41
9981bd5f,23/12/2022 16:34,f47da2fc,71943206,3E98Omn83X,1440.44,7%,100.83,1541.27
3f46adbd,23/12/2022 17:01,189d9dca,10fdc479,3E98Omn83X,2369.82,7%,165.89,2535.71
3949e2e8,23/12/2022 17:15,4u7s55Vw34,38feff78,3E98Omn83X,449.33,7%,31.45,480.78
92bbfe35,27/12/2022 9:27,3PMyW67W67,bf86b31b,3E98Omn83X,1546.55,7%,108.26,1654.81
f93adbc8,27/12/2022 9:43,p4pkmrbg8M,ceea4dbd,T8qy67453l,294.82,7%,20.64,315.46
ff7e25ff,27/12/2022 10:16,j6v26jLuwm,b75ca633,00485f01,4374.93,7%,306.25,4681.18
3b8f3ec1,27/12/2022 10:39,hL800efJnq,13eb39b8,8X5EJG61Hk,293.81,7%,20.57,314.38
6fbc63f1,27/12/2022 12:44,655074b6,c871149f,8X5EJG61Hk,233.82,7%,16.37,250.19
b512c8be,27/12/2022 13:39,KDPNJN51Yk,a20ec99d,8X5EJG61Hk,670.51,7%,46.94,717.45
cdc37c69,27/12/2022 13:58,1b04ee43,6cf4e8db,3E98Omn83X,230,7%,16.1,246.1
a2e9ba93,28/12/2022 9:16,eef08e3a,6138c694_R,db61a4fe,852.5,7%,59.68,912.18
58ab11f8,28/12/2022 10:44,fEXeW6R1J3,06cd664b,8X5EJG61Hk,481.44,7%,33.7,515.14
cdf45659,28/12/2022 16:35,39N5vR34gp,84ce5401,8X5EJG61Hk,70.46,7%,4.93,75.39
028e461a,28/12/2022 17:11,70e993db,e223c4a8_R,db61a4fe,1607.67,7%,112.54,1720.21
cb4df2f8,29/12/2022 12:32,8Nzo71FGPE,03b12f5a,3E98Omn83X,4662.2,7%,326.35,4988.55
d99ec5b5,29/12/2022 13:48,jjC9BO9046,ec27fbc4,3E98Omn83X,732.18,7%,51.25,783.43
7d870738,30/12/2022 10:44,87360d9a,eaed0201,db61a4fe,3512.75,7%,245.89,3758.64
6092bde6,30/12/2022 14:41,06suB5p2mX,2389e95b,3E98Omn83X,772.38,7%,54.07,826.45
584e5feb,30/12/2022 14:48,3d2c0780,bcad34ab,00485f01,2333.53,7%,163.35,2496.88
de7e2c70,30/12/2022 15:59,4ZRd9NGZZQ,d3c03dc5_R,3E98Omn83X,293.24,7%,20.53,313.77
e98ae26f,29/12/2022,2f89e51f,8a61fcfa,gLuyJ85Lwe,40781.99,0%,0,40781.99
b8d1251d,3/1/2023 9:32,07acaa1f,9ba023c7,gLuyJ85Lwe,1809.88,Exempted,0,1809.88
b63e7adc,3/1/2023 11:38,UzdUJe146M,1be1f0b5,8X5EJG61Hk,216.81,7%,15.18,231.99
ace73fd2,3/1/2023 13:35,x33h2drOuX,810d4638,00485f01,445.32,7%,31.17,476.49
456620b6,4/1/2023 9:42,a954a4d6,29261280,3E98Omn83X,317.98,8%,25.44,343.42
7636ab29,4/1/2023 9:49,WL91eH602H,de4a82eb,3E98Omn83X,1409.35,7%,98.65,1508
53edbf1d,5/1/2023 10:49,9or4RfVO6l,3b0aa0e6,8X5EJG61Hk,2254.87,Exempted,0,2254.87
82e33fc3,5/1/2023 13:01,f491f2c2,4d1a6789,00485f01,5948.86,7%,416.42,6365.28
e2d7d91d,6/1/2023 12:42,06suB5p2mX,4dbc6768,3E98Omn83X,445,8%,35.6,480.6
df973635,6/1/2023 12:44,06suB5p2mX,4dbc6768,3E98Omn83X,322.8,8%,25.82,348.62
ac09d3d9,6/1/2023 14:12,7f8bcd20,431b6d41,8X5EJG61Hk,802.17,8%,64.17,866.34
f218b1a4,9/1/2023 9:47,D6O4LUfz2f,e0aa69be_R,8X5EJG61Hk,2237.13,8%,178.97,2416.1
d7c8cac5,9/1/2023 9:56,xEK6r63Cy3,bfc8c5f2,3E98Omn83X,440,8%,35.2,475.2
937afc10,9/1/2023 10:05,X2ywZ9GnQE,c5155f56,8X5EJG61Hk,4167.31,8%,333.38,4500.69
8300de08,9/1/2023 10:47,19ac2e87,a3096f83,3E98Omn83X,191.64,8%,15.33,206.97
72913f2b,9/1/2023 12:03,4dc64e53,3b5a7b6d,3E98Omn83X,4625.14,8%,370.01,4995.15
87323989,9/1/2023 12:13,3PMyW67W67,d83855ed,3E98Omn83X,1280.33,8%,102.43,1382.76
68d949a2,9/1/2023 12:23,f63e6d5a,a3d0e687,8X5EJG61Hk,2229.35,8%,178.35,2407.7
e914b9d1,9/1/2023 12:48,5e9d829a,d28de71b,3E98Omn83X,2188.48,8%,175.08,2363.56
e364d24c,10/1/2023 9:22,6B4UJCNbVd,fae09fe9_R,00485f01,588.48,8%,47.08,635.56
2d6a6562,10/1/2023 9:33,6ceb001e,5b747560,8X5EJG61Hk,1132.02,8%,90.56,1222.58
e3e03f54,10/1/2023 9:38,Q8nomXWRc2,8121eea6,3E98Omn83X,694.72,8%,55.58,750.3
4562b64c,10/1/2023 9:55,TELcJA9M9q,550cc445,3E98Omn83X,2310.82,8%,184.87,2495.69
745f9d9e,10/1/2023 10:20,e78e48e5,77d111c6_R,8X5EJG61Hk,6375.42,0%,0,6375.42
ef9ed9d4,10/1/2023 10:21,e78e48e5,65f9c530,8X5EJG61Hk,6605.95,0%,0,6605.95
9c18850f,10/1/2023 10:49,e6666cbb,f7189e6c,8X5EJG61Hk,15.73,Exempted,0,15.73
d7ca1d81,10/1/2023 10:53,e6666cbb,f7189e6c,8X5EJG61Hk,4758.36,Exempted,0,4758.36
2ffd099b,10/1/2023 10:54,1a7f5883,a462c915,8X5EJG61Hk,965.55,8%,77.24,1042.79
b70188e3,10/1/2023 11:08,fEXeW6R1J3,f5f596ab,8X5EJG61Hk,758.19,7%,53.07,811.26
6f70cb62,10/1/2023 16:10,07acaa1f,7e898d66,,661.59,8%,52.93,714.52
37824845,10/1/2023 17:44,fEXeW6R1J3,81aa8d8a,8X5EJG61Hk,335.68,8%,26.85,362.53
3e27929d,11/1/2023 9:51,0c83fde9,3a9f45fc_R,00485f01,222.72,8%,17.82,240.54
f24fa68e,11/1/2023 9:57,5fe968b5,4fd1ed24,3E98Omn83X,4440.4,8%,355.23,4795.63
30a243d9,11/1/2023 10:10,48027e8f,6c9c1eb2,3E98Omn83X,5554.34,8%,444.35,5998.69
a3b72f02,11/1/2023 10:57,117f04cb,32d1a129,,273.39,0%,0,273.39
0c27386c,11/1/2023 11:48,6B4UJCNbVd,6beb5928,00485f01,311.74,8%,24.94,336.68
45dc626b,11/1/2023 15:12,bcd08322,417baf54,8X5EJG61Hk,484.01,8%,38.72,522.73
1b0de0ab,11/1/2023 16:30,4I3HDTm7GG,f330997a_R,,539.75,8%,43.18,582.93
25c55da5,11/1/2023 16:51,87360d9a,93ed436a,00485f01,4857.45,7%,340.02,5197.47
bde0f9a8,11/1/2023 16:56,87360d9a,dde136fc,00485f01,654.08,7%,45.79,699.87
4f4fd88d,11/1/2023 17:02,87360d9a,445b286b,00485f01,3550.4,7%,248.53,3798.93
89a50fc3,12/1/2023 12:47,IEGO2KU1a7,40c911f2_R,8X5EJG61Hk,3775.39,8%,302.03,4077.42
b28b1b91,12/1/2023 13:53,fvIH3Ur1DW,0955705a,8X5EJG61Hk,95.72,8%,7.66,103.38
54500fc5,12/1/2023 14:18,UzdUJe146M,f1af6bc5,8X5EJG61Hk,81.84,8%,6.55,88.39
b02cd4b7,12/1/2023 17:03,e6666cbb,223394c4,8X5EJG61Hk,153.08,8%,12.25,165.33
4f3e41d3,12/1/2023 17:10,e6666cbb,223394c4,8X5EJG61Hk,4244.54,8%,339.56,4584.1
cc0edcd8,13/1/2023 9:28,1a7f5883,87c2df16,8X5EJG61Hk,178.13,8%,14.25,192.38
512d1948,16/1/2023 15:21,660014bd,bd671e9a,8X5EJG61Hk,1002,8%,80.16,1082.16
4f8669af,17/1/2023 12:02,fEXeW6R1J3,b553ae75,8X5EJG61Hk,493.49,8%,39.48,532.97
6ff4dd17,17/1/2023 12:04,fEXeW6R1J3,b1eea1eb,8X5EJG61Hk,673.85,8%,53.91,727.76
d2966dcb,17/1/2023 12:06,fEXeW6R1J3,dcbc2b80,8X5EJG61Hk,82.11,8%,6.57,88.68
2ae3659d,17/1/2023 12:06,K92gCb2qYl,1764d4f5,3E98Omn83X,114.12,8%,9.13,123.25
3ed0373d,17/1/2023 12:16,K92gCb2qYl,82621f23,3E98Omn83X,253.34,7%,17.73,271.07
8b499e57,17/1/2023 13:06,ryl1bKOpPO,9bb52200,3E98Omn83X,915.5,8%,73.24,988.74
b221934b,17/1/2023 13:09,ryl1bKOpPO,13dd206f,3E98Omn83X,843.17,8%,67.45,910.62
7a63cbe6,18/1/2023 9:34,c6a54af3,02f52ba2,8X5EJG61Hk,216,8%,17.28,233.28
d8fedda2,18/1/2023 9:45,c6a54af3,41a11175,8X5EJG61Hk,214,8%,17.12,231.12
1789ced1,18/1/2023 10:50,655c8c2b,42ce14a4,,114,0%,0,114
1bc2a5ff,18/1/2023 10:51,8691932f,e5bd51e8,,90,0%,0,90
8263f9df,18/1/2023 10:51,d78dd98f,fe9ab1d4,,135,0%,0,135
0f830c27,18/1/2023 10:54,XpP0Bn0s55,52564f46_R_R,,1847.35,8%,147.79,1995.14
0501f5b6,18/1/2023 17:18,b9bffa79,c10aebd1,8X5EJG61Hk,84.26,8%,6.74,91
844aae6d,19/1/2023 9:24,FIc17Ck457,bd877f8d,8X5EJG61Hk,95592,8%,7647.36,103239.36
1280e76a,19/1/2023 9:57,5q282qed0R,569f3dbd_R,00485f01,1029.46,8%,82.36,1111.82
bc57a376,19/1/2023 12:23,Tb6MBkP8o7,2781a71f,3E98Omn83X,1904.58,8%,152.37,2056.95
3823a3f3,19/1/2023 15:16,a6834fa7,64e0beee,3E98Omn83X,240.37,8%,19.23,259.6
ccb51c84,19/1/2023 15:20,a6834fa7,64e0beee,3E98Omn83X,185.14,8%,14.81,199.95
b28c1238,19/1/2023 15:26,a6834fa7,c888b27e,3E98Omn83X,152.86,8%,12.23,165.09
4479f26c,19/1/2023 15:34,a6834fa7,64e0beee,3E98Omn83X,53.78,8%,4.3,58.08
a892f695,19/1/2023 15:38,a6834fa7,64e0beee,3E98Omn83X,15.37,8%,1.23,16.6
7712b01a,19/1/2023 15:42,a6834fa7,64e0beee,3E98Omn83X,49.68,8%,3.97,53.65
3386c568,19/1/2023 17:23,58ea2d28,21df2146_R,8X5EJG61Hk,626.74,8%,50.14,676.88
f9fb5e23,19/1/2023 17:43,98589634,772f3ff9,00485f01,2148.8,8%,171.9,2320.7
f1c74c1e,20/1/2023 9:13,8z4IYYaYdd,afe6e2b1,00485f01,2226,8%,178.08,2404.08
b081c8a6,20/1/2023 9:25,ItssapCSik,be3b0286,3E98Omn83X,885.91,8%,70.87,956.78
bf696f4b,20/1/2023 10:11,d23a3326,d1b4c2e3,,92.96,Exempted,0,92.96
0f5d5835,20/1/2023 10:53,99a27d7f,d9e5e245,8X5EJG61Hk,2088.94,8%,167.12,2256.06
e6b2300d,20/1/2023 11:26,73c8aea7,ea4b911b,00485f01,222.66,8%,17.81,240.47
6e9e6c05,20/1/2023 18:21,ItssapCSik,f959841c,3E98Omn83X,1332.1,Exempted,0,1332.1
e2f65a78,25/1/2023 11:43,4ZRd9NGZZQ,bd8fa0ac_R,3E98Omn83X,620.6,Exempted,0,620.6
20dc505e,25/1/2023 11:40,4ZRd9NGZZQ,bd8fa0ac,3E98Omn83X,919.05,8%,73.52,992.57
18a03d18,20/1/2023 12:55,a4122309,fb49d603,00485f01,706.71,8%,56.54,763.25
35d53a8f,20/1/2023 13:43,fEXeW6R1J3,80994271,8X5EJG61Hk,717.57,8%,57.41,774.98
04a951d6,30/1/2023 13:00,e7b1c6af,81f15e0d,,171,Exempted,0,171
491bcc03,30/1/2023 13:14,416578d0,92eeeece,,233.16,Exempted,0,233.16
1ed60d9a,30/1/2023 14:21,1292f213,e0dcd96a,3E98Omn83X,299.2,8%,23.94,323.14
a92624a6,30/1/2023 15:30,K92gCb2qYl,41f3d24b,3E98Omn83X,330.66,8%,26.45,357.11
f2df4eda,30/1/2023 15:37,69dc9b2b,ce7d5a96,00485f01,452.79,8%,36.22,489.01
7d5a6f37,30/1/2023 20:29,5fe968b5,e9bc63c0,3E98Omn83X,489.12,8%,39.13,528.25
372b83b7,30/1/2023 20:40,ItssapCSik,94849430,3E98Omn83X,1781.02,Exempted,0,1781.02
e42c69ce,31/1/2023 10:03,b39d39ee,f0c525b9,,181,Exempted,0,181
755e7eed,31/1/2023 10:40,06fa670b,ec26e266,8X5EJG61Hk,755.14,8%,60.41,815.55
bac69e97,31/1/2023 10:51,bcd08322,82ff49e1,8X5EJG61Hk,209.57,8%,16.77,226.34
a59e226e,31/1/2023 11:49,7f8bcd20,21b7637f,8X5EJG61Hk,472.33,8%,37.79,510.12
474ccff7,31/1/2023 14:54,11320a73,dd7c4130,3E98Omn83X,200.32,8%,16.03,216.35
8090077c,1/2/2023 14:05,a6834fa7,64e0beee_R,,15.37,8%,1.23,16.6
3f4d7c89,1/2/2023 14:12,e2bd8db3,75f908d4,3E98Omn83X,1837,8%,146.96,1983.96
bb81c9cd,1/2/2023 15:44,5e4f9e69,2f8ef413,8X5EJG61Hk,195.39,8%,15.63,211.02
6bce11a1,1/2/2023 15:50,87360d9a,8035ce7b,00485f01,5040.11,8%,403.21,5443.32
eac23ecb,1/2/2023 19:17,87360d9a,d5ba92e2,00485f01,5412.61,8%,433.01,5845.62
e67f8769,1/2/2023 19:24,87360d9a,8c882615,00485f01,5800.66,8%,464.05,6264.71
0855a599,1/2/2023 19:29,6c7f8bad,42641baf_R,00485f01,2495.56,8%,199.64,2695.2
9f4da13a,1/2/2023 19:35,6c7f8bad,42641baf,00485f01,2285.68,8%,182.85,2468.53
d8fc4d03,1/2/2023 19:42,73c8aea7,71f43b83,00485f01,369.62,8%,29.57,399.19
ad5a4316,1/2/2023 19:47,hnzo75eojx,71aa7662,3E98Omn83X,1790.62,8%,143.25,1933.87
9e1f7067,1/2/2023 21:33,22f52729,47ed287a,,431.86,Exempted,0,431.86
b8243375,1/2/2023 21:33,43607b90,11f9d482,,208.86,Exempted,0,208.86
8a6d8320,1/2/2023 21:34,86ce9468,0a6f5c83,,282.74,Exempted,0,282.74
73af689d,1/2/2023 21:35,d91d449f,8dbc4e56,,228.54,Exempted,0,228.54
7fa832e7,2/2/2023 9:51,84031ec8,4fad88d0,,459,Exempted,0,459
f680c004,2/2/2023 10:13,fEXeW6R1J3,d53ca953,8X5EJG61Hk,4258.49,Exempted,0,4258.49
8969fa03,2/2/2023 10:20,6czPiY3swb,a6643869,3E98Omn83X,2043.01,8%,163.44,2206.45
52d05bc4,2/2/2023 10:26,e3599062,6d241899,00485f01,2542.11,8%,203.37,2745.48
745ce38c,2/2/2023 13:42,fEXeW6R1J3,722c87eb,8X5EJG61Hk,2515.52,8%,201.24,2716.76
506a9e45,2/2/2023 14:07,0836ff76,572a618b,,905,0%,0,905
52ba3a80,2/2/2023 14:52,1f6et5pP1O,02675b67,00485f01,668.01,8%,53.44,721.45
b5cc6d42,2/2/2023 15:07,ItssapCSik,a0c5016b,3E98Omn83X,753.59,Exempted,0,753.59
316009bb,2/2/2023 16:09,KDPNJN51Yk,1ba0d936,8X5EJG61Hk,565.3,8%,45.22,610.52
7b4e9aaa,3/2/2023 10:13,ab389a4d,183e7b93,3E98Omn83X,998.86,8%,79.91,1078.77
4582ad78,3/2/2023 10:18,06suB5p2mX,eef6ad6d,3E98Omn83X,69.34,8%,5.55,74.89
1fb6e6ed,3/2/2023 10:23,06suB5p2mX,703e7df2,3E98Omn83X,4062.08,8%,324.97,4387.05
7f7c8abe,3/2/2023 10:33,d7110899,654a0d6d,8X5EJG61Hk,3701.01,8%,296.08,3997.09
bd214b70,3/2/2023 14:51,91c0552c,daeb2c15,3E98Omn83X,3383.29,8%,270.66,3653.95
48ee9dc2,3/2/2023 15:36,506af81b,b63c6260,00485f01,235.36,8%,18.83,254.19
8de26ded,3/2/2023 15:50,07acaa1f,b76a6ecf,,1000.94,0%,0,1000.94
713e0c37,3/2/2023 17:16,X2ywZ9GnQE,618f757c,8X5EJG61Hk,2975.59,8%,238.05,3213.64
9f6d9743,6/2/2023 9:43,Ss1dWMP4hX,dcbf5c19_R_R_R,8X5EJG61Hk,844.44,8%,67.56,912
4844eed7,7/2/2023 9:54,X2ywZ9GnQE,69f5b3e4,8X5EJG61Hk,5869.5,Exempted,0,5869.5
d4cd5573,7/2/2023 10:43,2e21a003,7edd435c,,366,Exempted,0,366
6fc0215d,7/2/2023 12:25,660014bd,074fbebd,8X5EJG61Hk,741.58,8%,59.33,800.91
47a6b63a,7/2/2023 16:43,KDPNJN51Yk,562a2cc0,8X5EJG61Hk,1220.36,8%,97.63,1317.99
2d5f0a00,8/2/2023 9:05,47dc23c1,de136281,8X5EJG61Hk,1008.96,8%,80.72,1089.68
d94b578e,8/2/2023 10:18,Q8nomXWRc2,b35a3855,3E98Omn83X,441.82,8%,35.35,477.17
21095d89,8/2/2023 10:31,2c2fda37,578ce830,8X5EJG61Hk,951.75,8%,76.14,1027.89
93c12844,8/2/2023 10:43,85164aa4,e9372765,,894,Exempted,0,894
5144ed0f,8/2/2023 12:46,e6b5fa6c,35981987_R,3E98Omn83X,1617.52,8%,129.4,1746.92
802373ee,8/2/2023 13:24,6ceb001e,8ceebacb,8X5EJG61Hk,3980.18,Exempted,0,3980.18
b555d01d,8/2/2023 16:12,06df1afd,190d63e6,3E98Omn83X,4043.52,8%,323.48,4367
4c510a41,8/2/2023 17:17,4dbf6714,dea93fe1,3E98Omn83X,95.67,8%,7.65,103.32
de82c0cb,9/2/2023 9:31,19f91bda,9b4ddabd,3E98Omn83X,1198.98,8%,95.92,1294.9
6ce9bf3e,9/2/2023 9:38,ItssapCSik,efe7aea0,3E98Omn83X,235.68,8%,18.85,254.53
a5bdaaee,9/2/2023 10:05,06fa670b,5c8fa69d,8X5EJG61Hk,1169.86,8%,93.59,1263.45
8d94b994,9/2/2023 10:32,85164aa4,98da60f6,,1173.9,Exempted,0,1173.9
85de76c2,9/2/2023 12:55,84ee7391,b7f33ce4,00485f01,2185,Exempted,0,2185
e869e62c,9/2/2023 16:26,fEXeW6R1J3,35131479,8X5EJG61Hk,1199.53,8%,95.96,1295.49
75ab20f4,9/2/2023 16:56,07acaa1f,bd4b9e03,,1475.67,0%,0,1475.67
b1d57a39,10/2/2023 10:26,47dc23c1,2aa3c78c,8X5EJG61Hk,1447.34,8%,115.79,1563.13
2d54369a,10/2/2023 10:41,ba0aff8d,dc1a74a1,3E98Omn83X,673.29,8%,53.86,727.15
ec8650b3,10/2/2023 11:00,5d38c4c1,1d52a159,8X5EJG61Hk,1963.09,8%,157.05,2120.14
9378c6d3,10/2/2023 11:10,808a96af,bfd3242d,3E98Omn83X,326.98,0%,0,326.98
45c5c9d1,10/2/2023 14:03,4ZRd9NGZZQ,62a67a03,3E98Omn83X,790.49,Exempted,0,790.49
a3ed607a,10/2/2023 14:08,4ZRd9NGZZQ,d1445217_R,3E98Omn83X,884.07,8%,70.73,954.8
1936a301,13/2/2023 9:17,TN21q93OXm,bec16d19,8X5EJG61Hk,1855.56,8%,148.44,2004
853bb4a4,13/2/2023 9:51,2ii3577q55,b87197e1_R,8X5EJG61Hk,12956.5,8%,1036.52,13993.02
816b1e7c,13/2/2023 10:07,f34c3c1a,a9e6b1d5,,175,Exempted,0,175
d4b0206f,13/2/2023 10:13,1956cd18,295b7ba1_R,3E98Omn83X,223.31,8%,17.86,241.17
95bc4a36,14/2/2023 10:02,b99e96ff,a135450f,8X5EJG61Hk,5186.79,8%,414.94,5601.73
169664ea,16/2/2023 12:31,0301cc99,00ee5a8f,8X5EJG61Hk,3699.85,8%,171.16,2310.71
16da0c8f,14/2/2023 17:19,06fa670b,d094d755,8X5EJG61Hk,1013.36,8%,81.07,1094.43
d1aac79d,15/2/2023 9:49,Zgf6bE537J,d8e62113,3E98Omn83X,5216.75,0%,0,5216.75
8acc6de6,15/2/2023 10:08,53281641,ed1d135f,00485f01,1035.11,8%,82.81,1117.92
d80bc36e,15/2/2023 10:30,f90fee16,4fc5a15a,,99,0%,0,99
42b48ff4,15/2/2023 12:23,742d7987,29c05707,3E98Omn83X,382.14,8%,30.57,412.71
f4f90e23,15/2/2023 12:30,Y2MYCQ56NK,58dda8ff,3E98Omn83X,753.69,8%,60.3,813.99
867bb54e,15/2/2023 14:13,9086f10b,7fa7da7a,3E98Omn83X,2704.45,8%,216.36,2920.81
f7742fef,15/2/2023 14:34,f52d7cf8,0e3ff513,3E98Omn83X,974.17,8%,77.93,1052.1
d997d8ba,15/2/2023 17:21,1332500b,aa8c56d9,8X5EJG61Hk,4686.6,8%,374.93,5061.53
371a2308,16/2/2023 12:32,f50c580f,35c66b4b_R,8X5EJG61Hk,1281.83,Exempted,0,1281.83
2b4a99b2,16/2/2023 15:51,fEXeW6R1J3,077b8cc6,8X5EJG61Hk,3489.88,Exempted,0,3489.88
b0e73661,16/2/2023 18:16,fEXeW6R1J3,7ec574f6,8X5EJG61Hk,1132.2,8%,90.58,1222.78
261f2c0b,17/2/2023 10:44,bcd08322,3b723e67,8X5EJG61Hk,605.89,8%,48.47,654.36
1f4a38c0,17/2/2023 10:48,84031ec8,c1c6e484,,251,Exempted,0,251
0f0055f2,17/2/2023 10:56,0c83fde9,3a9f45fc_R_R,00485f01,222.72,8%,17.82,240.54
2d2776ad,17/2/2023 10:59,7971c7cd,74420eea,8X5EJG61Hk,5739.93,Exempted,0,5739.93
9bb27ef8,17/2/2023 12:31,32443b56,e1b95f37,3E98Omn83X,260.72,8%,20.86,281.58
dee11f5b,17/2/2023 13:14,73Mfhf002n,bd10040c,3E98Omn83X,764.29,8%,61.14,825.43
c11a39a4,17/2/2023 14:38,D5Fk7289x1,afc15efb,3E98Omn83X,267.5,8%,21.4,288.9
bc81e937,17/2/2023 17:09,Sjd5ocDqmp,6c9e6c6a,3E98Omn83X,505.28,8%,40.42,545.7
a3a67554,17/2/2023 17:11,84ee7391,e79f1981,8X5EJG61Hk,5980,Exempted,0,5980
05ace76d,20/2/2023 9:13,KDPNJN51Yk,7cd33926,8X5EJG61Hk,1105.17,8%,88.41,1193.58
2bba941a,20/2/2023 9:25,5b253145,835cbd10,8X5EJG61Hk,294.95,8%,23.6,318.55
719a1aa9,20/2/2023 9:31,16730841,5e06cbbf,3E98Omn83X,463.32,8%,37.07,500.39
ea7bd457,20/2/2023 9:37,af0b8607,b2b31d01,gLuyJ85Lwe,490,8%,39.2,529.2
2b33db63,20/2/2023 9:44,j6v26jLuwm,1145a39b,00485f01,381.59,8%,30.53,412.12
c885f624,20/2/2023 9:51,06suB5p2mX,9b6dadf4,3E98Omn83X,764.24,8%,61.14,825.38
6ff06ffb,20/2/2023 12:40,3d2c0780,6effb3b0,00485f01,1986.07,8%,158.89,2144.96
2a596417,20/2/2023 13:10,39N5vR34gp,ac9b982e,8X5EJG61Hk,173.7,8%,13.9,187.6
a81e2839,20/2/2023 13:11,39N5vR34gp,86a0e98c,8X5EJG61Hk,195.12,8%,15.61,210.73
3f0c15fe,20/2/2023 15:09,a293033e,f63dd79e,3E98Omn83X,816.45,8%,65.32,881.77
08be7404,20/2/2023 15:58,K92gCb2qYl,8c574652,3E98Omn83X,888.01,8%,71.04,959.05
fd10b6ac,20/2/2023 16:50,fEXeW6R1J3,523099ce,8X5EJG61Hk,2510.59,8%,200.85,2711.44
6d4836c0,20/2/2023 17:02,99a27d7f,db741bfd,8X5EJG61Hk,279.72,8%,22.38,302.1
55f2022c,20/2/2023 17:10,a5580ba7,b3684bb7,3E98Omn83X,3721.75,8%,297.74,4019.49
6acf911a,20/2/2023 17:58,f63e6d5a,b8745942,8X5EJG61Hk,764.09,8%,61.13,825.22
b60668da,21/2/2023 9:41,4ZRd9NGZZQ,98031d34,8X5EJG61Hk,1002,8%,80.16,1082.16
4c463f18,21/2/2023 9:46,4ZRd9NGZZQ,ac0eb2f3,3E98Omn83X,846.12,8%,67.69,913.81
2c797793,21/2/2023 9:51,4ZRd9NGZZQ,dd0d3b32,3E98Omn83X,839.46,8%,67.16,906.62
90bc3b4b,21/2/2023 10:15,e25fa3a4,b9cc99ae,,224.63,Exempted,0,224.63
8e9f87b0,21/2/2023 12:47,fEXeW6R1J3,5990c55c,8X5EJG61Hk,1931.36,8%,154.51,2085.87
0bfdc46e,21/2/2023 16:08,6ceb001e,4a00322a,8X5EJG61Hk,937.71,Exempted,0,937.71
c52c2915,21/2/2023 17:25,I474CAFv8Z,50aea368,8X5EJG61Hk,529.95,8%,42.4,572.35
e1948ed3,21/2/2023 17:30,qFlqEAX8Z5,c732d3c1,8X5EJG61Hk,408,8%,32.64,440.64
baf5a5e7,21/2/2023 18:02,5960fa38,efe1290c,00485f01,556.67,8%,44.53,601.2
792aeea1,22/2/2023 9:08,6B4UJCNbVd,067fbcb9,00485f01,383,8%,30.64,413.64
4cf55418,22/2/2023 9:30,ItssapCSik,ac75fb0e,3E98Omn83X,932.37,Exempted,0,932.37
22c5457a,22/2/2023 9:40,ItssapCSik,35037792,3E98Omn83X,49.95,8%,4,53.95
14600981,22/2/2023 10:01,5fiS378Rr1,380ef779_R,3E98Omn83X,4829.39,8%,386.35,5215.74
9c51ee92,22/2/2023 13:44,n4Ks0QC3ZO,44656d5f,3E98Omn83X,2240.59,8%,179.25,2419.84
aa364511,23/2/2023 9:14,xsumAjY50P,e78fd514,8X5EJG61Hk,413.06,8%,33.04,446.1
49a024d7,23/2/2023 9:23,bb331fb3,571f1547,3E98Omn83X,120,8%,9.6,129.6
372d9184,23/2/2023 10:09,b39d39ee,86a2e6eb,,483,Exempted,0,483
a5b141bb,23/2/2023 13:41,39N5vR34gp,cdcc1d38,8X5EJG61Hk,237.04,8%,18.96,256
86a21fdd,23/2/2023 13:52,39N5vR34gp,fbcaf47b,8X5EJG61Hk,351.85,8%,28.15,380
f7b362bc,23/2/2023 16:04,231f5f55,d3132d67,8X5EJG61Hk,1000.28,Exempted,0,1000.28
86744f6d,23/2/2023 17:43,GSdCKW3Z5w,d5ce1925_R,,441.38,8%,35.31,476.69
50fc901e,24/2/2023 10:31,bad8d02a,a7b0691a,00485f01,1737.37,8%,138.99,1876.36
664c6c96,24/2/2023 11:11,be76ef49,92dcd16e,,333,Exempted,0,333
30363209,24/2/2023 14:53,06fa670b,75ce070c,8X5EJG61Hk,746.57,8%,59.73,806.3
e6ef5de3,24/2/2023 17:06,hL800efJnq,ff88de74,8X5EJG61Hk,1509.34,8%,120.75,1630.09
79c93eec,27/2/2023 14:52,011a0164,5b93a7f9_R,00485f01,1115.28,8%,89.22,1204.5
2e7f0178,27/2/2023 14:59,jCh0R09xTJ,6f9f80c4,8X5EJG61Hk,407.5,8%,32.6,440.1
1c9d02f4,27/2/2023 18:19,a6834fa7,a9e09a82,3E98Omn83X,2131.22,8%,170.5,2301.72
f7bb5e98,28/2/2023 9:23,hL800efJnq,e5f41478,8X5EJG61Hk,2415.12,8%,193.21,2608.33
502373cc,28/2/2023 9:37,dd970a60,1b2ad899_R,gLuyJ85Lwe,868.98,Exempted,0,868.98
c3fd9053,28/2/2023 18:07,4cb30e09,ca6706f0_R,3E98Omn83X,170.5,8%,13.64,184.14
9717d184,28/2/2023 18:11,1f6et5pP1O,52014c76,gLuyJ85Lwe,5985,8%,478.8,6463.8
5d96648c,1/3/2023 12:51,f47da2fc,85e7a379,8X5EJG61Hk,772.96,8%,61.84,834.8
e378cf80,1/3/2023 13:01,eccd7366,485ef92a,3E98Omn83X,686.94,8%,54.96,741.9
773a9da9,1/3/2023 13:12,I474CAFv8Z,633e4d6c,8X5EJG61Hk,2244.46,8%,179.56,2424.02
c9e3f840,1/3/2023 15:08,ab389a4d,f804b6f2,3E98Omn83X,545.91,8%,43.67,589.58
4963ea67,2/3/2023 9:08,8fe7de84,98780ff0,3E98Omn83X,871.64,8%,69.73,941.37
eaf15f93,2/3/2023 14:42,fEXeW6R1J3,c25244b0,8X5EJG61Hk,620.68,8%,49.65,670.33
b6d27e51,2/3/2023 17:34,eb3f99cb,b7a74af6,8X5EJG61Hk,2914.31,8%,233.14,3147.45
dcac975b,3/3/2023 10:15,6ceb001e,8a24c671,8X5EJG61Hk,1990.09,8%,159.21,2149.3
8e2a0fba,3/3/2023 10:27,6Lwm5z7Yj9,08845b10,8X5EJG61Hk,1286.52,8%,102.92,1389.44
b9a3edb2,3/3/2023 10:34,6Lwm5z7Yj9,df68b595,8X5EJG61Hk,11040.19,8%,883.22,11923.41
9d6859aa,3/3/2023 10:43,06dd4603,04b0b0d0,,177,Exempted,0,177
c2edd094,3/3/2023 10:52,85164aa4,db5614c9,,872.91,Exempted,0,872.91
2fbaa219,3/3/2023 17:16,hL800efJnq,8b479281,8X5EJG61Hk,489.92,8%,39.19,529.11
c6e104c0,6/3/2023 9:53,557ea500,fe6a3ba0,00485f01,566,8%,45.28,611.28
a7975bb8,6/3/2023 11:02,4ZRd9NGZZQ,6ebc969f_R,3E98Omn83X,208,Exempted,0,208
c6f83d94,6/3/2023 11:13,425cS82HkQ,267f26a7,3E98Omn83X,15228,0%,0,15228
efd88e8a,6/3/2023 13:17,06fa670b,c89ced0d,8X5EJG61Hk,1659.28,8%,132.74,1792.02
345091b2,6/3/2023 13:30,f469c24c,a0ec5ba0,,638.11,0%,0,638.11
78afe5ff,6/3/2023 15:19,hL800efJnq,a61d759d,8X5EJG61Hk,672.51,8%,53.8,726.31
f853e9f5,6/3/2023 16:05,XpP0Bn0s55,f1de0d60_R,3E98Omn83X,2416,8%,193.28,2609.28
93964325,6/3/2023 16:55,fEXeW6R1J3,35bd023c,8X5EJG61Hk,1001.99,8%,80.16,1082.15
0ba47d8d,7/3/2023 9:47,87360d9a,b9d64bc5,00485f01,5817.27,Exempted,0,5817.27
6f116f5a,7/3/2023 10:07,87360d9a,04312b02,00485f01,5589.32,Exempted,0,5589.32
0c492e0a,7/3/2023 10:33,06fa670b,a9954f17,8X5EJG61Hk,601.14,8%,48.09,649.23
f2645387,7/3/2023 10:48,87360d9a,9855338c,00485f01,5840.53,8%,467.24,6307.77
0f3165c9,7/3/2023 11:01,2c2fda37,43733171,8X5EJG61Hk,132.91,8%,10.63,143.54
5adcc346,7/3/2023 11:10,941d1944,12e2ac26,3E98Omn83X,2233.63,8%,178.69,2412.32
7dd186c4,7/3/2023 11:11,f748afdd,98f1e789,,335,Exempted,0,335
d1e564d2,7/3/2023 11:14,790470a5,2cdc652b,,316,Exempted,0,316
0ccd1045,7/3/2023 11:45,f47da2fc,b07c1c91,8X5EJG61Hk,751.5,8%,60.12,811.62
ef43195b,7/3/2023 11:56,eb3f99cb,88022c50,8X5EJG61Hk,460.09,8%,36.81,496.9
7f605292,7/3/2023 12:00,eb3f99cb,6a70c942,8X5EJG61Hk,717,8%,57.36,774.36
30b984b3,7/3/2023 17:01,4ZRd9NGZZQ,6ebc969f,3E98Omn83X,840.16,8%,67.21,907.37
7bdefc0d,7/3/2023 18:51,75bd0e2c,7fef4752,3E98Omn83X,318.1,8%,25.45,343.55
e3c33d38,8/3/2023 9:06,55kcyJWnQ9,3431fd68_R,3E98Omn83X,5513.08,8%,441.05,5954.13
e52c9d39,8/3/2023 10:06,0a2cfe37,20161b11,3E98Omn83X,50,8%,4,54
ec10b5be,8/3/2023 16:18,99a27d7f,9125eb1d_R,,1849,8%,147.92,1996.92
9fb6b130,8/3/2023 18:36,800718a2,42466276,00485f01,5583.39,8%,446.67,6030.06
4c839ec0,9/3/2023 9:36,55kcyJWnQ9,0ce4ef31,3E98Omn83X,5998.5,Exempted,0,5998.5
443be15e,9/3/2023 10:02,7c61d91c,99bf871d,gLuyJ85Lwe,156,Exempted,0,156
3f92384e,9/3/2023 10:29,06df1afd,bca18e0c,3E98Omn83X,626.7,8%,50.14,676.84
2b645729,9/3/2023 12:53,ab389a4d,24438c37,3E98Omn83X,1845,8%,147.6,1992.6
3f9abe26,9/3/2023 13:08,fvIH3Ur1DW,b2858d09,8X5EJG61Hk,3373.91,8%,269.91,3643.82
8299b3aa,9/3/2023 14:01,fvIH3Ur1DW,e4e38759,8X5EJG61Hk,2514.8,Exempted,0,2514.8
f924fbec,9/3/2023 16:18,fEXeW6R1J3,16500ce5,8X5EJG61Hk,1778.51,8%,142.28,1920.79
e118952f,9/3/2023 16:32,1292f213,05ae00e1,3E98Omn83X,216.72,8%,17.34,234.06
7f844962,9/3/2023 17:03,fEXeW6R1J3,7ad7ba3e,8X5EJG61Hk,1000,Exempted,0,1000
b7f20a0b,9/3/2023 17:33,26dae66a,a7f73f8b,8X5EJG61Hk,6245.41,8%,499.63,6745.04
37394271,10/3/2023 10:47,4f18u3537C,0ca13c76,3E98Omn83X,318,8%,25.44,343.44
5f41fd5e,10/3/2023 10:52,3PMyW67W67,e50b784b,3E98Omn83X,505.47,8%,40.44,545.91
3c6d967e,10/3/2023 11:18,Y2MYCQ56NK,96b3700b,3E98Omn83X,477.96,8%,38.24,516.2
097dfd56,10/3/2023 15:39,taVC7LD6U1,c6bd5684,3E98Omn83X,209.94,8%,16.8,226.74
eb227c5a,13/3/2023 10:26,f363c768,2c26a90e,3E98Omn83X,398.95,8%,31.92,430.87
84607a5c,14/3/2023 9:42,fff4fb16,95cbafe4,8X5EJG61Hk,1274.32,8%,101.95,1376.27
c23e71ff,14/3/2023 10:40,7a340707,c29b83c4,gLuyJ85Lwe,188,Exempted,0,188
6fd22876,14/3/2023 10:56,ItssapCSik,c543c72b,3E98Omn83X,481.3,Exempted,0,481.3
16ba4a77,14/3/2023 13:03,4Yk09HecPy,063606af,8X5EJG61Hk,2198.74,8%,175.9,2374.64
27dbabe3,14/3/2023 13:17,TELcJA9M9q,988d053e,3E98Omn83X,4995.58,8%,399.65,5395.23
223d3ae5,14/3/2023 13:30,X90cRum7fq,13725ff0,3E98Omn83X,645.97,8%,51.68,697.65
85f1490d,14/3/2023 13:40,a293033e,94c4f767,3E98Omn83X,2395,8%,191.6,2586.6
ff5b3b1d,14/3/2023 13:57,TELcJA9M9q,c59924d1,3E98Omn83X,4136.31,Exempted,0,4136.31
82b8b121,14/3/2023 14:13,ItssapCSik,1cf195f0,3E98Omn83X,720.41,Exempted,0,720.41
2cd9c582,14/3/2023 14:25,ItssapCSik,6dadaa7c,3E98Omn83X,3238.37,Exempted,0,3238.37
87dce301,14/3/2023 14:33,99a27d7f,9125eb1d,8X5EJG61Hk,254.12,8%,20.33,274.45
1bfe7073,14/3/2023 16:49,7f8bcd20,32c1cb5c,8X5EJG61Hk,501.27,8%,40.1,541.37
ac2f0bc5,14/3/2023 17:24,07acaa1f,9b3382b6,,4725.3,0%,0,4725.3
1c069cd6,15/3/2023 9:45,b0Aif96VUF,0c0aaa9f,8X5EJG61Hk,1763.43,8%,141.07,1904.5
2d52c89d,15/3/2023 9:54,af0b8607,fcb4a73c,8X5EJG61Hk,1171.78,Exempted,0,1171.78
6c32734e,15/3/2023 16:13,0Kelg0pVDL,82d5113d,3E98Omn83X,7252,8%,580.16,7832.16
0c176afe,15/3/2023 18:52,p4pkmrbg8M,0250f3c0,8X5EJG61Hk,5846.8,8%,467.74,6314.54
c7632d3b,16/3/2023 9:39,5b253145,3c82991d,8X5EJG61Hk,736.22,8%,58.9,795.12
fa84b61b,16/3/2023 10:05,7bad051f,80230228,,229.55,0%,0,229.55
671b9b62,16/3/2023 11:58,bad8d02a,4e79a3df,00485f01,881.07,8%,70.49,951.56
56b7881f,16/3/2023 17:40,hL800efJnq,afbbf050,8X5EJG61Hk,274.62,8%,21.97,296.59
fd52ceee,16/3/2023 17:46,5960fa38,baa063d0,8X5EJG61Hk,597.87,8%,47.82,645.69
91177532,17/3/2023 14:59,4fb4fe10,1101f2ba,8X5EJG61Hk,692.36,8%,55.39,747.75
b24559db,17/3/2023 19:26,ItssapCSik,2a7d2662,3E98Omn83X,785.03,Exempted,0,785.03
ae8db2a3,20/3/2023 12:44,09fca5d4,9e76f626,gLuyJ85Lwe,186.14,Exempted,0,186.14
fb4cb767,13/3/2023 17:58,9437b0d3,2ad48d75,8X5EJG61Hk,1517.75,8%,121.42,1639.17
e3fae30f,20/3/2023 16:44,wD0mqPXvsw,d575841a,00485f01,5790,Exempted,0,5790
60f20c1a,21/3/2023 9:35,3b76cf6e,a02f2b5b,gLuyJ85Lwe,399,Exempted,0,399
6d8c21c3,21/3/2023 9:42,wD0mqPXvsw,d79fa1ba,00485f01,5790,8%,463.2,6253.2
2c6ff3ff,21/3/2023 10:07,fEXeW6R1J3,68530412,8X5EJG61Hk,985.58,8%,78.85,1064.43
22fc77df,21/3/2023 13:21,FIc17Ck457,f7106fa7,8X5EJG61Hk,1202.1,8%,96.17,1298.27
d3092e89,21/3/2023 13:28,39d60b03,22b7a651,,157.17,Exempted,0,157.17
13b97bd2,21/3/2023 13:35,j6v26jLuwm,4d036863,00485f01,1410.97,Exempted,0,1410.97
c9ee958b,21/3/2023 14:46,d759282e,bc65a0db,8X5EJG61Hk,3155,Exempted,0,3155
1174f3ce,21/3/2023 17:23,5fiS378Rr1,b7ef7f26,3E98Omn83X,4884.68,Exempted,0,4884.68
df0b2295,22/3/2023 13:52,db09a28c,5a8f8093,8X5EJG61Hk,214.02,8%,17.12,231.14
da3122ab,22/3/2023 14:05,06suB5p2mX,85e6be73,3E98Omn83X,1097.38,8%,87.79,1185.17
72259a1c,22/3/2023 17:29,Y2MYCQ56NK,b9874aa6,3E98Omn83X,234.76,8%,18.78,253.54
34159e2f,23/3/2023 10:08,6c7f8bad,3fd89bbc_R,00485f01,773.02,8%,61.84,834.86
d1f0bc27,23/3/2023 10:19,GHbrZ9WLG3,06ffab21,8X5EJG61Hk,742.25,8%,59.38,801.63
6c9c908a,23/3/2023 11:03,cb725950,58d7e40a,,421.86,0%,0,421.86
cf3da6b7,24/3/2023 13:29,99a27d7f,10dde08e,8X5EJG61Hk,267.77,8%,21.42,289.19
7858ce97,24/3/2023 13:46,011a0164,3e71b312,00485f01,604.12,8%,48.33,652.45
a1b7a32f,24/3/2023 14:18,4ZRd9NGZZQ,19819746,3E98Omn83X,882.17,8%,70.57,952.74
1d58c5e5,24/3/2023 14:21,fEXeW6R1J3,f4aa8738,8X5EJG61Hk,536.63,8%,42.93,579.56
c64392c7,24/3/2023 17:29,ItssapCSik,38df34c0,3E98Omn83X,977.52,Exempted,0,977.52
86da02ac,24/3/2023 17:43,Pox366MK2r,66c58bf5,00485f01,2249.27,Exempted,0,2249.27
4950d780,24/3/2023 19:03,84ee7391,b51322d9,00485f01,4839.81,Exempted,0,4839.81
c6466ed5,27/3/2023 9:39,0a89e163,094841d7,,123,Exempted,0,123
65689edf,27/3/2023 10:38,90b44782,c2d42d30,00485f01,3902.99,7%,273.21,4176.2
84f606dd,27/3/2023 12:03,6c7f8bad,7a4d16b4,00485f01,5149.18,8%,411.93,5561.11
51d4408a,27/3/2023 13:41,ItssapCSik,01688c16,3E98Omn83X,1058.23,Exempted,0,1058.23
8eb0cb40,27/3/2023 14:09,XpP0Bn0s55,29d24232,,223.75,8%,17.9,241.65
2c5e615a,27/3/2023 16:47,786490fc,2bd74ea1,8X5EJG61Hk,249.39,8%,19.95,269.34
840a90d8,28/3/2023 17:07,73Mfhf002n,cd63d1c0,3E98Omn83X,305.71,8%,24.46,330.17
b3f35043,29/3/2023 13:28,863ed0b1,16a2abb2,,362,Exempted,0,362
7d1d5be3,29/3/2023 13:33,3461337b,edb8339f,,79,Exempted,0,79
7dcb0ca5,29/3/2023 13:44,d37645b0,f3a6bf5a,,435.28,Exempted,0,435.28
7a4fe1d8,29/3/2023 14:13,c14340bc,7797d2f6,,485,Exempted,0,485
