Customer Key,Insti-Dept,Gender,Nationality
lD89r7qsyL,9tu60R7KWP,,
PCxZ1ce9Pm,74q0TneDjU,Male,caucasian
5bdH431NVo,8ruhF3E51g,Female,Singaporean
u7jS44DAAW,8ruhF3E51g,Female,Indian
I51lshr5ZM,,,
W1xrXd4C1W,,,
6n9h7u47e8,882e8ddc,,
0Kelg0pVDL,16af03bd,Male,Indian
psi8LI6CQr,nY8F51VM4y,,
K92gCb2qYl,nY8F51VM4y,Female,Chinese national (China)
RZtZBelX7w,8ruhF3E51g,Female,
9lla53i77x,8ruhF3E51g,,
159uhrD8su,,,
8NvT14dzV7,8ruhF3E51g,Male,
7U11hqF1B5,d517YMz607,,
j3bHOnoQdu,T7Y79rjV29,Male,
jCh0R09xTJ,T7Y79rjV29,Male,
1QjSD5K2L8,0lCPPgO3Uc,Male,Chinese national (China)
wD0mqPXvsw,79BSsv9xYm,Male,
8rX3c9V1OO,IL111A66Sq,Male,
MvZ970O57a,9tu60R7KWP,,
4ZRd9NGZZQ,9TDOzqY83D,Male,
N6QXxBprMz,8ruhF3E51g,,
GSdCKW3Z5w,8ruhF3E51g,male,Singaporean
xRW3mYR957,7065cf18,,
gndBO4Ol94,fc65d604,Male,
xsumAjY50P,8ruhF3E51g,Female,
KDPNJN51Yk,8ruhF3E51g,Male,Chinese national (China)
Hn0UKWO403,,,
m83KJ92R1b,74q0TneDjU,,
8z4IYYaYdd,8ruhF3E51g,Female,
GHbrZ9WLG3,IL111A66Sq,Male,Chinese national (China)
yyHQqSoc3i,D9E06y5i3t,Female,
YRDfn5Wf9O,nY8F51VM4y,Male,Chinese national (China)
0V2xk11Hj4,3a32oZcB0f,Female,Chinese national (China)
9Db6HRRP8a,G4lLPbWTIV,Male,Singaporean
ja7nPAs7V3,8ruhF3E51g,Female,
pSZQShz4f5,vZE5BcXQ3j,,
UJG8xJS6C8,89CF1utYqs,Female,
Tb6MBkP8o7,8ruhF3E51g,Male,Malysian
aH6287thSV,8ruhF3E51g,Male,Chinese national (China)
06suB5p2mX,T7Y79rjV29,Male,
4Yk09HecPy,8ruhF3E51g,Male,
TELcJA9M9q,Lh624q1u9u,Female,
AQ6LQGkxDX,8ruhF3E51g,Male,Singaporean
D6O4LUfz2f,9tu60R7KWP,Male,Singaporean
xw71fJ415b,sji5vB20uo,Male,
4u7s55Vw34,8ruhF3E51g,Female,
ocp0nUa4ER,8ruhF3E51g,Male,
IEGO2KU1a7,14ancZS05S,Male,Singaporean
ItssapCSik,0lCPPgO3Uc,Male,
ie3T4T3d08,G4lLPbWTIV,Female,Singaporean
,,,
822XXbXJbK,8ruhF3E51g,Male,
t42u46nJgE,i3ImK40gp9,Female,
G5WR4yaQzU,8ruhF3E51g,Male,
J0t4dusRDy,HR18hgvW4S,Male,
QzTBdPYx8q,0lCPPgO3Uc,Male,
LCST0SL821,x9Dz6KWcO3,Male,Korean
NnoRaWkL12,,,
Jxoj4984pK,8ruhF3E51g,Female,
Rq3myS6GNA,32jF5nI0QP,Male,
Q4RFGF7Cp2,14ancZS05S,Male,
2GpLxUp2rR,79BSsv9xYm,,
2rOO0XKvEh,95nYR7APw5,female,
qFlqEAX8Z5,0lCPPgO3Uc,Female,Chinese national (China)
4WD4e3BQj1,8ruhF3E51g,Male,Chinese national (China)
w0EHHnF71a,09A5j1P96d,Female,Chinese national (China)
N273NmcGjt,HR18hgvW4S,Male,Chinese national (China)
7UV60lS3OP,9tu60R7KWP,Male,
H713uQwy30,IjDdbe8L66,,
B5u4Kw3z2C,8ruhF3E51g,,
8n23f42C17,8ruhF3E51g,,
HPgmI33B0z,8ruhF3E51g,Female,
j6v26jLuwm,8ruhF3E51g,Female,Chinese national (China)
46c7DN4472,8ruhF3E51g,Male,Chinese national (China)
ygrNSaz4bh,8ruhF3E51g,Male,Chinese national (China)
9or4RfVO6l,8ruhF3E51g,Male,Chinese national (China)
91Jo4rl10U,,,
naic6d0imR,0lCPPgO3Uc,Male,Chinese national (China)
41I4EvJB02,IL111A66Sq,Male,
PQv36xQ8UJ,8ruhF3E51g,Female,Chinese national (China)
a4iDncjuW7,x9Dz6KWcO3,,
g3DueF6920,8ruhF3E51g,Male,
PeAw8cWKyB,HR18hgvW4S,Female,Chinese national (China)
488t9A161y,8ruhF3E51g,Male,Singaporean
ulr4MvnTDY,09A5j1P96d,Male,
Kik48pgU1T,r2Aq384jD4,,
MGWf4062EF,8ruhF3E51g,Male,Singaporean
v7XIU9Si4Q,8ruhF3E51g,,
q6SXI30Agi,d517YMz607,,
N82BAZ5BS1,8ruhF3E51g,Male,
RWOz09S0D2,0lCPPgO3Uc,Female,
l2erO1j3KV,95nYR7APw5,Male,
P53U5p1T67,IL111A66Sq,Female,
S8cqI34zBW,x9Dz6KWcO3,Female,Chinese national (China)
39N5vR34gp,14ancZS05S,,
0umA5aBVhH,0lCPPgO3Uc,Male,Chinese national (China)
vVDRGbztUd,8ruhF3E51g,Male,Chinese national (china)
227qBzc318,8ruhF3E51g,,
K5VHa7CQke,G4lLPbWTIV,Male,
7z0N4HLf3I,0lCPPgO3Uc,Female,
dTc7gT1Sof,8ruhF3E51g,,
OCyg84BDvJ,T7Y79rjV29,Male,Chinese national (China)
i77ps5mwpS,HR18hgvW4S,,
I2M6j3670s,9tu60R7KWP,,
U80py38i9l,6aOW1QCh3H,,
Q8nomXWRc2,9tu60R7KWP,,
b4zxk6QxBH,x9Dz6KWcO3,Male,Chinese national (China)
XgT1469Cia,8ruhF3E51g,Male,
E7IzDtdnK6,8ruhF3E51g,Female,
lk1hgaD7YK,uYb7I830W3,,
U2ZWW8An8x,0lCPPgO3Uc,Male,
2k5xD8bGFB,HR18hgvW4S,Male,Chinese national (China)
xTcW5tsM61,8ruhF3E51g,Male,SIngaporean
K5ur8a7a2Z,0lCPPgO3Uc,Female,
HuraT82YGW,8ruhF3E51g,,
2mBWQiax6J,8ruhF3E51g,Male,Chinese national (China)
uoQUND7q4X,,,
N4tvybq6pR,K47HP6TH5R,,
BldP6VI9eD,0lCPPgO3Uc,,
4VAV7JH16B,IL111A66Sq,,
n798I5K3Q7,8ruhF3E51g,Female,Chinese national (China)
73Mfhf002n,3XRy5PN154,,
6hSC8XOEcd,0lCPPgO3Uc,,
Z3UDr9nQA8,8ruhF3E51g,Male,
W6xnb5jXIF,IL111A66Sq,Male,
v0eMfHgeu0,8ruhF3E51g,,
45u86Q38St,,Male,
6rC6JUZdP4,nY8F51VM4y,Male,
ZY46m6DFg1,i3ImK40gp9,,
Y2MYCQ56NK,95nYR7APw5,Female,Singaporean
6x3117LzV9,8ruhF3E51g,Female,
ryl1bKOpPO,74q0TneDjU,Male,Caucasian
x33h2drOuX,89CF1utYqs,Female,
y7UDO8Fv60,,,
ZxFtbCg5zb,8ruhF3E51g,,
A7aOBv3qgB,8ruhF3E51g,,
2a8oGhdBMh,,,
1fjfqE80W5,3a32oZcB0f,,
JcyGV8m6ve,i3ImK40gp9,Female,
J69FKC82Ma,S4NrbiX419,Female,
p0qem23BZD,IjDdbe8L66,Female,
0pY2J4e9aC,8ruhF3E51g,Male,Singaporean
k6AeDwj9VE,8ruhF3E51g,,
vFi3eNgSg5,74q0TneDjU,Male,
iB1CZOmgBh,Cdq9LonMZb,Female,janice teo <janiceteo@polarisscience.com.sg>
psamEM9LxQ,IL111A66Sq,,
xf30e0063S,8ruhF3E51g,Male,
si4w5PIAtu,40cFGRqA6v,Male,
4O5G9tNusl,8ruhF3E51g,Male,Malaysian
e4uM923daj,HR18hgvW4S,Female,Singaporean
o06kxP3I99,m41y4XpKb1,Male,
XvZYId7xWk,8ruhF3E51g,,
KOO33q0T7h,8ruhF3E51g,Male,
LXns28aHcZ,8ruhF3E51g,,
6WAiZ494c3,8ruhF3E51g,Male,Indian
9m15pt3mlj,G4lLPbWTIV,Male,
pEPeNkpqJ6,,,
7lqq9ClLvI,0lCPPgO3Uc,Female,Vietnamese
5sfAbQ95HE,8ruhF3E51g,Male,
YmP7ar9yh8,639dde63,,
r0hn87lv5V,8ruhF3E51g,Female,
31h6x6N35A,d517YMz607,Male,Chinese nationality
197Ti3fezQ,N6ZA2BN7KZ,,
V2SwgIFM8k,8ruhF3E51g,,
sBfF548S4N,IjDdbe8L66,,
t6K3b3v003,x9Dz6KWcO3,,
g084484ZO9,IL111A66Sq,Male,
2dng5NdD6H,8ruhF3E51g,,
71n68by6O4,IL111A66Sq,Male,Chinese national (China)
SN1Hp4t37k,74q0TneDjU,Female,
fxzKxvCqSl,nY8F51VM4y,Male,Chinese national (China)
XpP0Bn0s55,71DRuiDc1j,,
H9mg81z96h,d05ZIAq538,,
8Kl4NO78wG,jMxyJ3g9S5,,
t49yuy9q0a,8ruhF3E51g,Male,
9vr7H3O6p5,mZ9y0a6GER,,
M6KJYN17mq,8ruhF3E51g,Male,
3ieG3Osk7j,0lCPPgO3Uc,,
tS7ktMkeR7,WxQ5a16f1D,Female,
Af2Jp61lwP,,,
SrT46f60B8,Ye5M2hp4z2,Male,
W6LBAuRgiG,8ruhF3E51g,Male,
FOxPJznvAx,8ruhF3E51g,Female,
yjFq4t9dqF,8ruhF3E51g,Male,
H7kpM2sor0,8ruhF3E51g,Male,
857EGQ20EG,8ruhF3E51g,,
3v8q0Z9E5p,78X4qv1453,,
g5q7tf29S8,8ruhF3E51g,Male,
6B4UJCNbVd,8ruhF3E51g,Male,Indian
KeWKS541o3,x9Dz6KWcO3,Female,Indian
wlg0Zwi289,8ruhF3E51g,,
3PvNP4W32c,74q0TneDjU,,
9R7Je0FXD9,8ruhF3E51g,,
EYJ4blpz4K,8ruhF3E51g,Male,
Z0dwYN535J,74q0TneDjU,Male,Indian
7ea1da29hw,D9E06y5i3t,Female,Indian
cF37kpy5b4,,,
p4pkmrbg8M,w4uu7v4H54,Female,
g0H1wkZy7o,,Male,
,,,
8Mh92C50kt,,,
WL91eH602H,T7Y79rjV29,Male,Korean
SNhf2hX623,x9Dz6KWcO3,Male,Indian
fEXeW6R1J3,74q0TneDjU,Male,
21Oy4TuGJr,8ruhF3E51g,Female,
8AZURM2u6A,plXmM39tZ3,Female,
SbWBaQJblo,8ruhF3E51g,,
G9577UH1Ri,8ruhF3E51g,Female,
FIc17Ck457,S4NrbiX419,Male,Singaporean
9Dk5VoV26D,8ruhF3E51g,Female,
k03h4jvbR2,8ruhF3E51g,Female,
TNYm06Z6d6,8ruhF3E51g,,
jjC9BO9046,0lCPPgO3Uc,Male,
nskJqPCfph,nY8F51VM4y,Female,
PXWv9gWf2E,wZC433XYBn,,
U2D493mF3q,,,
6f0r25MOht,,,
tGi5I301jH,513pOlC83o,Male,
xr51273q6F,HR18hgvW4S,Male,
7JWq4p8cKn,8ruhF3E51g,Female,
A4RA02py40,x9Dz6KWcO3,Male,
IqAlvFuvhV,x9Dz6KWcO3,Male,
419AxAO4Q8,nY8F51VM4y,Male,
pTIw8F0370,nY8F51VM4y,Male,
6Lwm5z7Yj9,Cdq9LonMZb,,
15jpR2Djf1,8ruhF3E51g,,
oKiphC99N3,8ruhF3E51g,Male,Indian
n52q85oo4M,,,
8x85Uh6Jl2,8ruhF3E51g,,
mf2U9PEuGD,8ruhF3E51g,Male,
3cIrf0Sr6F,Lh624q1u9u,Female,
G04TtRCR2J,0lCPPgO3Uc,Male,
k7P03sYlj6,S4NrbiX419,Male,Singaporean
T4t1BiWAc4,0lCPPgO3Uc,Male,
ttaVT5D0Yg,8ruhF3E51g,Male,
kjy4wSqB8G,8ruhF3E51g,,
X90cRum7fq,x9Dz6KWcO3,Male,Chinese national
R7Ctv66Lzm,14ancZS05S,Female,
oBZ1jj29Q9,8ruhF3E51g,Male,
2E6QYC5QCU,8ruhF3E51g,Male,
AXMLwli21x,78X4qv1453,,
1f6et5pP1O,8ruhF3E51g,Male,
oUec1FTjp6,x9Dz6KWcO3,,
8J0g13Cf0C,8ruhF3E51g,Male,
JTE71P5dS5,78X4qv1453,Male,
65pc30c020,9tu60R7KWP,,
HEfg8F47c4,8ruhF3E51g,,
QPiD9ml8Rh,i5bFIJ8Ff6,,
4ed5n61aTQ,x9Dz6KWcO3,Female,Chinese national (China)
0KObdF95dA,9tu60R7KWP,,
w8625q3RSm,8ruhF3E51g,Male,
b0Aif96VUF,8ruhF3E51g,Male,Chinese national (China)
MSl6Hz8vy2,,,
z0I0Z6U6nv,IL111A66Sq,Male,
ssprtMI8wN,78X4qv1453,,
94lI10y31O,8ruhF3E51g,Male,
8XdVw8xHXS,x9Dz6KWcO3,Male,Chinese national (China)
0258g89dm7,0lCPPgO3Uc,,
w6VeaByJ3n,,,
9G3fra0i8s,8ruhF3E51g,Male,
cHlda7Fabd,HR18hgvW4S,Male,
JJYX81pYVq,9tu60R7KWP,,
iq6TUGeK8Q,QKl60k5I3a,,
9SEfiXLYq2,0lCPPgO3Uc,,
CC6XIgMx8d,Ye5M2hp4z2,Female,
n4Ks0QC3ZO,x9Dz6KWcO3,Male,
u7fuU5XMn1,w4uu7v4H54,Male,Chinese national (China)
VCrR9IvzfA,8ruhF3E51g,Male,
bzzj4FTu4d,S4NrbiX419,,
I474CAFv8Z,0lCPPgO3Uc,Male,
B3JXG4hkKg,xF3RgYE0zR,,
0dbYVHBli7,09A5j1P96d,,
VCtIt2Wud1,nY8F51VM4y,Male,
aTvq3l7Zoy,8ruhF3E51g,,
KTQ73i1ppS,0lCPPgO3Uc,Female,
vwjM9hSH4s,361bc45e,Male,
wVn775I4SY,8ruhF3E51g,,
L7Dcu3pUVl,IL111A66Sq,Female,
Sr3KJ29Y2h,T7Y79rjV29,Male,
7u083aV5j6,78X4qv1453,Male,Chinese national (China)
8Nzo71FGPE,nY8F51VM4y,Male,Chinese National
lvn5qM0NaA,8ruhF3E51g,Female,Chinese national (China)
8E2zdn15i0,IL111A66Sq,,
5v5V61702x,8ruhF3E51g,,
QC17rsIi2R,x9Dz6KWcO3,Male,Chinese national (China)
utsdYa3VGT,WxQ5a16f1D,Female,
l48p17yCdy,8ruhF3E51g,Female,
t8cLq6a85e,x9Dz6KWcO3,Male,Chinese national (China)
yj1ftFtzU2,8ruhF3E51g,Male,
373l7aeAL7,nY8F51VM4y,Male,Chinese national (China)
4f18u3537C,79BSsv9xYm,Male,Singaporean
WWrF7TAV2L,8ruhF3E51g,Male,
F2hTrxu1D7,d05ZIAq538,Female,
LPtrKl487v,1A21KYM70B,,
BO2otT8p2q,8ruhF3E51g,Male,
WxpoVGtH61,8ruhF3E51g,,
aClD1JKpgs,8ruhF3E51g,,
lf2fg8Lf64,IL111A66Sq,Male,
1247xIRn8p,8ruhF3E51g,Male,
w30zNXo2ei,o5MpuUJM1M,,
83I84I8L17,HR18hgvW4S,,
VCvp286I3Q,9tu60R7KWP,,
v3772sP2nO,8ruhF3E51g,Male,
Z7A9zK1QE1,IL111A66Sq,Male,Chinese national (China)
0x2yR0pvo3,09A5j1P96d,Male,Chinese national (China)
N0nG68a28j,0lCPPgO3Uc,Female,
0WoOQFQSLY,8ruhF3E51g,Female,Chinese national (China)
LxRp0Sj3MN,x9Dz6KWcO3,Male,Chinese national (China)
mMMmsf48bG,09A5j1P96d,Male,
mlj6o4bYK8,8ruhF3E51g,,
aY7D60UG5g,x9Dz6KWcO3,Female,Chinese national (China)
ymrge4OOUS,8ruhF3E51g,,
2LvMdjR6g1,IL111A66Sq,Female,Chinese national (China)
66t9Z8KvlZ,8ruhF3E51g,Male,Chinese national (China)
m1IeAueG1g,0lCPPgO3Uc,,
IwAV5zMGJ9,8ruhF3E51g,Female,Singaporean
Y26G8pEIPo,0lCPPgO3Uc,Male,
R08oNF179N,m41y4XpKb1,Female,
Hm6Y7t8VO4,x9Dz6KWcO3,Male,Chinese national (China)
L8IvwqkEgJ,x9Dz6KWcO3,Female,Chinese national (China)
zijxAUj6KM,8ruhF3E51g,Male,
m1zO5s6i54,IL111A66Sq,Female,Chinese national (China)
6071vr4kDX,IL111A66Sq,Male,Chinese national (China)
1iy4SIf5gW,14ancZS05S,Male,Chinese national (China)
4b74aZuaUO,x9Dz6KWcO3,Female,
zr1IXyTyr7,HR18hgvW4S,,
55kcyJWnQ9,79BSsv9xYm,Male,Chinese national (China)
806p898r9B,x9Dz6KWcO3,Female,Chinese national (China)
8qV07Fi4B2,9tu60R7KWP,,
y0YEf0WNtI,HR18hgvW4S,Male,Malaysian Singaporean
6O7D5MbO5v,IL111A66Sq,Male,Chinese national (China)
Uyo67QnIni,09A5j1P96d,Male,Chinese national (China)
CK0ckFOUwJ,78X4qv1453,Male,Chinese national (China)
GMs8OdU4s1,14ancZS05S,Female,
4DAeGX2yvs,x9Dz6KWcO3,Female,Chinese national (China)
tE2rb73Kp9,78X4qv1453,Female,Chinese national (China)
zj7jE1uadt,x9Dz6KWcO3,Female,Chinese national (China)
eUMo91osjW,,,
5fiS378Rr1,m41y4XpKb1,Male,Chinese national (China)
4uwA77mHE5,8ruhF3E51g,Female,
aVNh9XM0H6,8ruhF3E51g,Female,
z444mOtAWS,,,
0bntsAO5Il,,,
6r9c5Mmqc9,,,
63A37f3Zg0,,,
2rHQ5q2g6a,8ruhF3E51g,,
Pox366MK2r,,,
toKmmSfZEJ,78X4qv1453,,
3PMyW67W67,8ruhF3E51g,,
579DJ6XeuD,8ruhF3E51g,,
Sjd5ocDqmp,Ye5M2hp4z2,,
D5Fk7289x1,nY8F51VM4y,Male,
bl6dvNMz7g,jMxyJ3g9S5,,
8qbgngVgJ0,D9E06y5i3t,,
xEK6r63Cy3,9tu60R7KWP,,
FQ5IcrrJ28,14ancZS05S,,
bHy0p906sS,8ruhF3E51g,Male,
lRbOdn1f5e,,,
sB21tojU2v,78X4qv1453,,
07UkT3V9b1,x9Dz6KWcO3,Male,
TN21q93OXm,w4uu7v4H54,,
mm2253vBqr,jMxyJ3g9S5,Female,
RyIUO62797,HR18hgvW4S,Male,
1C59O1R6V4,0lCPPgO3Uc,Male,
pBHaR58pq7,79BSsv9xYm,female,
96g659z86z,8ruhF3E51g,male,
D2559QRh0n,09A5j1P96d,,
iW41h0vau3,347e33f2,,
3MgTz1s36U,8ruhF3E51g,Female,
L9sXyUZtXD,513pOlC83o,,
mBB4FCi2BK,09A5j1P96d,,
79hR9tOBwB,74q0TneDjU,,
vLvacRz67V,9tu60R7KWP,,
2X9Foy15Hf,,,
1O7dR534Uy,nY8F51VM4y,Male,
3r61E5K55H,,,
F0vBg047La,IL111A66Sq,,
2ii3577q55,,,
ZUOCZPXduV,95nYR7APw5,Female,
O6614M4Hvk,78X4qv1453,,
4DS6poaMwG,pVc35E7p1n,,
80ZM6473Zn,95nYR7APw5,,
HCXlM3d1LR,,,
dIU0w52lDS,A1TLbvttO9,,
hL800efJnq,14ancZS05S,,
1l2x9IGKm8,9tu60R7KWP,,
fvIH3Ur1DW,S4NrbiX419,,
xhT0E4h7iP,14ancZS05S,,
XIy2CiF5zT,8ruhF3E51g,,
3Dt0YhJ5BJ,8ruhF3E51g,,
RkkI9ebVdb,78X4qv1453,,
f374Qy83SV,8ruhF3E51g,,
mYJg461uA2,8ruhF3E51g,,
u9Q7w1CAQT,8ruhF3E51g,,
UzdUJe146M,8ruhF3E51g,,
6AyX6y7B9p,8ruhF3E51g,,
Y22RTQ55KU,8ruhF3E51g,,
Kmm2hp73qi,78X4qv1453,,
48iGKBLCt6,8ruhF3E51g,,
uNzP6QTAl5,,,
jpZSXU2A8V,14ancZS05S,,
1w5H2WCoXZ,8ruhF3E51g,,
Qj2r4t9it8,09A5j1P96d,,
95MdB74Cu1,5586c4ef,,
4I3HDTm7GG,14ancZS05S,,
9437b0d3,9tu60R7KWP,Male,China
5410c2de,8ruhF3E51g,Female,
5cb18a4a,8ruhF3E51g,,
5a007bd5,a082ad7b,,
dc701372,8ruhF3E51g,,
5d005089,8ruhF3E51g,Male,Singaporean
26f30ef4,8ruhF3E51g,Female,
JVVs7ZZ5O1,8ruhF3E51g,,
poeWrv6D36,A1TLbvttO9,,
ggx24SP0Ql,G4lLPbWTIV,,
UsAe3Y7KqM,8ruhF3E51g,,
VLSxI59801,pVc35E7p1n,,
buU4zKbq87,x9Dz6KWcO3,,
Eb8TL77a3a,78X4qv1453,Male,Singaporean
bYd0fa26c4,8ruhF3E51g,,
8gyks45Zm8,513pOlC83o,,
hnzo75eojx,78X4qv1453,,
X2ywZ9GnQE,8ruhF3E51g,Male,
o9m9N872aN,09A5j1P96d,,
5q282qed0R,Re612NXtaK,,
Ss1dWMP4hX,tbD4Rv00SG,,
rAmb9tQZRc,,,
VL9576yh06,x9Dz6KWcO3,,
6czPiY3swb,8ruhF3E51g,,
J3fTx5fuhP,14ancZS05S,,
810NTR09Zp,8ruhF3E51g,,
Jngc6kY2Od,9tu60R7KWP,,
1Y8w29aYBj,14ancZS05S,,
H65cij0dBc,,,
XGk5tiMcrk,14ancZS05S,,
8fJgA4J040,,,
3L83cNU0RT,8ruhF3E51g,,
y3rYf2f9gy,gj3Nvpx9GU,,
taVC7LD6U1,gj3Nvpx9GU,,
6H04q7tR9v,14ancZS05S,,
14451212,8ruhF3E51g,,
36787f2c,c81764e6,,
af5c856c,78X4qv1453,,
6460ff92,nY8F51VM4y,,China
1956cd18,40cFGRqA6v,Male,
EHcqhxS6pe,8ruhF3E51g,,
XpPxlpOlsO,,,
92AUyiQ09J,,,
M6n5uMcR7O,,,
3q5zD2SY5F,,,
m00No5a39t,,,
PRLkr531EN,,,
6GFtD6KG7C,,,
Ewz0IR2tQU,,,
425cS82HkQ,,,
dZ5vTe0y1I,,,
TTpvaOi63E,,,
1jV33l75ln,,,
FboJr8N9hB,,,
fjb2KP08z5,,,
li8JE137o0,,,
QqIg30U7RU,,,
ei6QJVRw2H,,,
251PSO8sz1,f6914a3e,,
55Vb724J0u,,,
Sjcvo4GPdo,,,
F8Z5rGV6bz,,,
w8Tvw93G8m,,,
oMf0xXS53Q,,,
,,,
024Qo9uM2k,,,
H3bw9JoX6m,,,
8ajLkOs0C0,,,
Z9v3nKAcRV,,,
2LHej7430d,,,
vOwsjNZ33q,,,
Z172VStCS2,,,
WCnTmRolab,,,
tkS42LiP6z,,,
AmqC6gPC68,,,
h8TiDlgIPV,,,
PO3kuL971E,,,
q5Z2U6knA3,,,
qobD2F4rYA,,,
91jBruY9Fy,,,
Fq55mXHr2t,,,
fM49OfLtyZ,,,
64ot8mATSB,,,
L0YZ409W7F,,,
847PWwQIBs,,,
,,,
28TeCrHm8w,,,
757yHS3wMQ,,,
L4br17izTu,,,
d9ReSC83qR,,,
ihyWx83QFL,,,
0EB2JrSqO0,,,
Hb4zwQ7UJW,,,
t1exBdLOk6,,,
Zgf6bE537J,,,
gaYu5SN60Q,,,
24RZ3l83ut,,,
wGU61fp88H,,,
1IxS25uHMC,,,
eazN9J1u6i,,,
Lo4lnazD28,,,
4fM2zADiL2,,,
R530Bfv6EL,,,
J9I1qGREf5,,,
OLQWh9ZrVY,,,
QoAqtL1Jj7,,,
66KeNyVo8T,,,
hYR5H57pc2,,,
Ysj33S6Rem,,,
9PQAH89i7V,,,
3y6oT6aj6e,,,
8j96QX8A4C,,,
13Y3urHcU3,,,
8ebGLN84X7,,,
Ebd710R95D,,,
WvZmx8ryfe,,,
53281641,9tu60R7KWP,,
b911b807,09A5j1P96d,,
e3f3c9e7,3XRy5PN154,Female,
60c8e006,x9Dz6KWcO3,Male,China
4a9af5d4,8ruhF3E51g,,China
43fb1479,IL111A66Sq,,
0d7dcda7,74q0TneDjU,,china
0fc805bf,78X4qv1453,,
95be4153,afd78902,,
673afc11,a2db7c66,,
cc6c5bdc,8ruhF3E51g,,
b48e8c5f,14ancZS05S,Female,
64c0444d,gj3Nvpx9GU,,
ea851c92,77792509,,
8d95ebdd,8ruhF3E51g,Male,
0e1a9851,4159a983,,
0a0f9e01,78X4qv1453,,
a6f7d643,28d4b677,,
be19c1e3,jMxyJ3g9S5,,
4f39f7be,e53ab5aa,,
6613f2d7,df7b6e5f,,
1c73fd10,1081c9d4,,
6484de0b,79BSsv9xYm,,
bbd2f7c9,8ruhF3E51g,,
bcd08322,8ruhF3E51g,,
e6666cbb,14ancZS05S,Female,
b99e96ff,9tu60R7KWP,,
177efdda,c1f3c5f0,,
1b04ee43,347e33f2,,
ae24516a,IL111A66Sq,,
541ddfac,68d3d339,,
5e3e7559,389ae660,,
b186e66e,om00CU79tU,,
e888eb32,9tu60R7KWP,Male,India
d16a8528,fc8c2f11,,
03193ccf,eb86fd1e,,
a02f5a82,bbceaf0c,,
31bc2bd5,G4lLPbWTIV,,
d159604b,361bc45e,,
fb713344,8bd38713,,
506af81b,tbD4Rv00SG,,
a5837967,15285701,,
b7f94378,S4NrbiX419,Female,China
f3d429eb,x9Dz6KWcO3,,
5b4e72bc,ce40131b,,United Kingdom
3ae63be1,e2136cb3,,United States
47dc23c1,09A5j1P96d,,
7a686853,9tu60R7KWP,,
74ffdf05,14ancZS05S,Male,
f63e6d5a,IL111A66Sq,Male,
88339719,afd78902,,United States
27f8114b,af40fe6e,,
9ee27e19,a3923391,,
a2a70b56,8ruhF3E51g,,
ec3a2d0c,8ruhF3E51g,Male,
db09a28c,8ruhF3E51g,,
3d2c0780,14ancZS05S,,
885d18dd,2d8eeee1,,Japan
0316535c,5ecbd090,,United States
85b59abf,8ruhF3E51g,,
718dc6ea,14ancZS05S,,
d1d2de33,3698de10,Male,
1292f213,79BSsv9xYm,,
9ad42b12,95nYR7APw5,,
4fa30fe5,x9Dz6KWcO3,,China
d9ad3ed8,07g20ER8Ql,,
edcdbe0d,7d6d7608,,
5d12a4ec,x9Dz6KWcO3,,
101360fb,8d409a17,,Canada
cc29cbcf,x9Dz6KWcO3,,
81bea910,76df20f9,,
6462402c,14ancZS05S,,
af0b8607,8ruhF3E51g,Male,
787efa05,nY8F51VM4y,,
bd4504b5,66147df2,,
c12ca06c,16b5759e,,United States
07acaa1f,dd28fb02,,
75bd0e2c,IL111A66Sq,,
ccc73f5b,f0d481db,,
e5671757,3d6a08ef,,
7eb60288,80aebdfb,,
2ab2c37f,8ruhF3E51g,,
a5580ba7,79BSsv9xYm,,
a477310e,3f210d3a,,
22b4b671,70b5bdf7,,
e50ead61,78X4qv1453,,
a26605cb,6098ae95,,
1e55690c,74424ed3,,
f25fed48,aa47bf41,,
2d719e26,3d6a08ef,,
98589634,IL111A66Sq,,
cd0cb018,8ruhF3E51g,,
21389d26,1139IQhy56,,
06df1afd,79BSsv9xYm,,
48027e8f,8ruhF3E51g,,
94a67f85,8ruhF3E51g,,
6be46e90,2582265e,,South Korea
3b19cc66,8ruhF3E51g,,
783487d2,13d8608a,,
5f502838,74q0TneDjU,,
218ba7d6,9tu60R7KWP,,
dc672852,6z1536hQ1C,,
57d4a0ce,8870483d,Male,Singaporean
847ad8ff,45ad6563,,Canada
7727c701,af40fe6e,,Malaysia
4d2d6aa1,f38df905,,
465fcc36,c2c58138,,Singapore
da283159,d439a01b,,
3926f94c,1f3cc3ea,,United States
45ed7434,562ca17a,,
eb0ac3af,ff966045,,
5af7f790,8ruhF3E51g,Male,
a8c386f6,90685bbe,Female,Chinese
df7dce1a,bbe11930,,
c79117f5,325120f7,,India
14ea3809,38361855,,United States
4aaef7ec,15113114,,United Kingdom
49fc0a86,c2c58138,,Japan
2c0221dc,8ruhF3E51g,,
3fa6955b,8ruhF3E51g,,
26e282dd,c2c58138,,
8aa1eaf5,cffddc74,,
afc2f892,79BSsv9xYm,,
d3cbdb51,IL111A66Sq,,
5ee5fe7b,79BSsv9xYm,Male,
30b11630,6z1536hQ1C,,
2b3f68c0,4a0d0662,,
c72f51cb,eef61f60,,
a4039613,6a3a74a3,,
182d9938,jMxyJ3g9S5,,
fe83eba5,35c819a6,,
070a96b6,T7Y79rjV29,,
b4992de3,41da9073,,
a6929d87,pVc35E7p1n,,
3be6d644,HR18hgvW4S,,
68ee0c85,IL111A66Sq,,
2df7e01c,x9Dz6KWcO3,,
643c1834,53f5d337,,Canada
a954a4d6,nY8F51VM4y,,
,,,
241f3266,56612bff,,
3c7058b7,DUVVnuBWBW,Female,
df3cd059,71cc4411,,
75b1bfbb,78X4qv1453,,
d759282e,71b5186c,Male,
b594cff5,8ruhF3E51g,Female,
3370dc6d,194363d2,,
c48e4055,c2c58138,,
2acb6945,44779149,,
56c7d026,9tu60R7KWP,Male,
4d95ba3f,5cb02ecf,,
c860b4a5,d4060f63,,United States
bb73c912,6124893a,,
aa52f012,174a183a,,
4dbf6714,9tu60R7KWP,,
b857bec4,8ruhF3E51g,Female,
477b73a0,8ruhF3E51g,Female,
c5efebff,8ruhF3E51g,Female,
2f1494a7,14abbd26,,
fa2a24b4,8ruhF3E51g,Female,
d849d03d,8ruhF3E51g,Male,
a931a01c,HR18hgvW4S,Female,
dffe99c7,6z1536hQ1C,Male,
d5344504,f59474a4,,
d4189978,Lh624q1u9u,Female,
11320a73,59db8846,,
56c899fa,c2c58138,,United States
a4decfdf,nY8F51VM4y,Male,
46d97ba4,nY8F51VM4y,,
58ea2d28,845521b9,Female,
a4122309,8ruhF3E51g,,
f2680bfb,c7371b62,Male,
7f6eb86e,f8c55e66,,
660014bd,8ruhF3E51g,Male,China
69dc9b2b,6608c196,,
d525f3ce,8b2be57f,,
682cc7ac,8ruhF3E51g,Female,
355f4de2,78X4qv1453,,China
5437394b,HR18hgvW4S,Female,
2710db20,jMxyJ3g9S5,Male,
bfdf28bf,b7b97b2b,,
1d2d2829,78X4qv1453,,
cac7a1a4,daf761bd,,South Korea
688399cf,1139IQhy56,Male,
db4d995a,0lCPPgO3Uc,Male,Singaporean
ba0aff8d,8ruhF3E51g,,
1b394916,32jF5nI0QP,Male,
84ee7391,8bd38713,,
e99f4d98,09A5j1P96d,,
33eff098,95nYR7APw5,,
c4c492a5,8ruhF3E51g,Male,
655074b6,9tu60R7KWP,,
9b1b0d60,09A5j1P96d,,
75794c21,79BSsv9xYm,,
b0029bc0,x9Dz6KWcO3,Male,
1d25e972,bbbc9711,,
ea77b8d3,o5MpuUJM1M,Male,
e8a4483c,ce550e2c,,
327b00e2,09A5j1P96d,,
6c861cda,Lh624q1u9u,Male,
ddbf0290,IL111A66Sq,Male,
2630b50e,14ancZS05S,Male,
a293033e,A1TLbvttO9,,
3067d00e,74q0TneDjU,,
16a45456,da19e5f9,,France
06fa670b,8ruhF3E51g,Male,
2cc181d6,9tu60R7KWP,,
4c243645,nY8F51VM4y,,
83d70898,6z1536hQ1C,Male,
fc2e2fdc,6z1536hQ1C,Male,
0301cc99,6z1536hQ1C,Female,
1a4befa3,f51ab48d,,
66923a95,nY8F51VM4y,,
821a84b5,c2c58138,,Finland
90b44782,6z1536hQ1C,Female,
0fb4ecd6,6z1536hQ1C,,
fc6762bb,8f41d2e2,Female,United States of America
14dcb37c,79BSsv9xYm,,
460ec52f,ed103b40,,
2af389b6,95nYR7APw5,,
579c1c30,513pOlC83o,,
5960fa38,14ancZS05S,,
7f8bcd20,8ruhF3E51g,Male,
4fb4fe10,be4d7e8b,Male,
5fe968b5,8ruhF3E51g,,
f9341f2f,95nYR7APw5,,
4dc64e53,09A5j1P96d,,
3f72f471,14ancZS05S,,
ba4d3fb0,cb9baa5f,,
92aae798,nY8F51VM4y,,
6fff588c,351a186a,,
742d7987,79BSsv9xYm,Female,
84099a1e,32jF5nI0QP,,
73f39ab2,8ruhF3E51g,,
46a567b9,424d9db7,Female,
08ac971a,Lh624q1u9u,Female,
b0b62959,f3300ab7,,
9df86703,71DRuiDc1j,,
8fcf7d88,5510fc59,,
19ac2e87,nY8F51VM4y,,
f8fd4217,babbd6a1,,Egypt
d6bb1fb5,8ruhF3E51g,Male,
9ff9b68f,c2c58138,,Singapore
808a96af,b4fdcd8d,,
91c0552c,09A5j1P96d,,
c0a89625,b1b20bd3,,United States of America
142925fc,79BSsv9xYm,,
7de5c7bf,916f2399,,Italy
863ed0b1,30d065ad,,United States of America
39df0428,95nYR7APw5,,
69176694,14ancZS05S,Male,
db1e355c,f3ef8298,Male,
e6b5fa6c,78X4qv1453,,
d47095b4,c2c58138,,Australia
d9af810e,IL111A66Sq,,
7288f61f,6fdfae87,,
27c210fe,7aa2f6bb,,
9f0e5dea,86841532,,United States
5e4f9e69,8ruhF3E51g,,
99a27d7f,14ancZS05S,,
35ce9376,699a0b91,,
d96409f0,8ruhF3E51g,,
c049c15c,om00CU79tU,,
14616b9c,Lh624q1u9u,Female,
ab1db7d7,95nYR7APw5,,
378b5bbc,S4NrbiX419,,
87a01d2b,c0b5baff,,
dd970a60,c85dfad9,,
e1807601,c7af6480,,
5c4e27bc,f334e853,Male,
ab389a4d,0lCPPgO3Uc,,
bad8d02a,i5bFIJ8Ff6,,
5390dbe8,b1ddf8ae,,
e947996f,64d3cce5,Male,
f3a2155c,9fc59827,Female,United States
b16d86b4,0lCPPgO3Uc,Female,
6f572001,95nYR7APw5,,
2d38838a,6z1536hQ1C,,
a4a8b42a,71b5186c,Female,
2e21a003,a0ad1dc7,,United States
0c92866e,daabe212,,
06a07fb3,52bfd849,Female,
9266f450,b1a3d08f,,
eb3f99cb,9tu60R7KWP,,
9f6c6fcc,8ruhF3E51g,Male,
f50c580f,7a3ef269,Male,
87360d9a,09A5j1P96d,,
81db877e,70227ceb,,
c42a311e,ac997b70,,
94bf9b25,6z1536hQ1C,,
a2d81785,18a5189d,Male,
f11444d4,8ruhF3E51g,Male,
53f1bbdc,14ancZS05S,Female,
6ceb001e,8ruhF3E51g,Female,
64a5a3d4,f1fbe367,,Japan
fe609575,b7b97b2b,Female,
0c83fde9,x9Dz6KWcO3,,
ee44267f,S4NrbiX419,,
eef08e3a,79BSsv9xYm,,
dac1bb5f,44589eaa,,
7f7fdd94,94eeeefd,,
28cae36f,8ruhF3E51g,,
f47da2fc,0lCPPgO3Uc,Male,
231f5f55,b7b97b2b,Male,
189d9dca,nY8F51VM4y,,
a8d72cc1,64645ed8,,
faff5ef8,2e9633b8,,
6eb09cf0,S4NrbiX419,,
44941260,a06ecae9,,United States
6e098aa6,bc7e7686,,United States
2f89e51f,dc5c069b,,
3d1a9c2e,0lCPPgO3Uc,,
f491f2c2,14ancZS05S,,
557ea500,9tu60R7KWP,,
9c1e5b02,ddaf6b04,Male,
4cabf380,x9Dz6KWcO3,,
e12ba649,8ruhF3E51g,,
3593fd28,e464ad62,,
2814f973,1f78d357,,United States
9fa1d317,a2370c61,,
011a0164,IL111A66Sq,,
f73ce5e0,nY8F51VM4y,,
9aaadb12,c2153778,,
70e993db,09A5j1P96d,,
1c127085,9d32fec5,,
b82ec221,080dfb65,,
9086f10b,95nYR7APw5,,
7ab79e98,9TDOzqY83D,,
e78e48e5,b7b97b2b,,
3ce95701,8ruhF3E51g,Male,
1a7f5883,8ruhF3E51g,Male,
eb63c82d,a2db7c66,,
5e9d829a,x9Dz6KWcO3,,
117f04cb,c7d32b64,,
b812be4f,25c10606,,
a6834fa7,8ruhF3E51g,,
c6a54af3,IL111A66Sq,Male,
655c8c2b,69a07dae,,United States
8691932f,2d95a120,,United States
d78dd98f,f3638c15,,United States
5f14753d,b94e8551,,
73c8aea7,x9Dz6KWcO3,Male,
b9bffa79,1ef91a0b,,
0025c37b,833df512,,
bd1661e8,3dc2592a,,
0836ff76,c739838c,,
d23a3326,b1b70098,,India
a6f1dbf6,5586c4ef,Female,
84031ec8,fd645612,,
fc56a7a3,3a4cf8c7,,
6c7f8bad,09A5j1P96d,,
e7b1c6af,77b64e9b,,United States of America
416578d0,f1af4bb7,,Finland
e2bd8db3,09A5j1P96d,,
d7110899,78X4qv1453,,
7765586c,26a21ec2,,
b39d39ee,0810423e,,United States of America
e11f2388,14ancZS05S,Male,
a1653108,4f903d7d,,
4cb30e09,9TDOzqY83D,,
e3599062,8ruhF3E51g,,
1332500b,14ancZS05S,,
19f91bda,8ruhF3E51g,,
22f52729,a7fc3891,,Germany
43607b90,2253a42a,,Thailand
86ce9468,16490ec9,,South Korea
d91d449f,93db28fb,,Italy
dcd7f88e,fcb4e317,Female,
b68d834b,14ancZS05S,Male,
2c2fda37,8ruhF3E51g,Male,
150f2448,48e62c8d,,
85164aa4,4a463543,,United States of America
32443b56,78X4qv1453,,
5d38c4c1,8ruhF3E51g,Male,
f52d7cf8,78X4qv1453,,
f34c3c1a,09be2cf9,,
16730841,8ruhF3E51g,,
e7a073cd,nY8F51VM4y,,
cb725950,43e301b4,,
f90fee16,abf4f47b,,
dffd20a7,x9Dz6KWcO3,,
9bc04a08,824a5b2a,,
5b253145,8ruhF3E51g,Male,
7971c7cd,b7b97b2b,Male,
5d780eb0,78X4qv1453,Male,
7bad051f,94294f88,,
69397b78,14ancZS05S,Female,
e25fa3a4,2fb60aef,,United States
8c3d446f,524d4a87,,
f8f4572b,0c20e302,,
8ada31fb,7d049b7b,,
bb331fb3,8ruhF3E51g,,
8fe7de84,0lCPPgO3Uc,,
800718a2,14ancZS05S,,
be76ef49,beb5373d,,United States of America
2fd5183f,14ancZS05S,,
786490fc,912c36cb,Male,
f469c24c,5230e0f8,,
eccd7366,09A5j1P96d,,
941d1944,78X4qv1453,,
a45acd3f,14ancZS05S,Male,
fff4fb16,78X4qv1453,Male,
f363c768,14ancZS05S,,
06dd4603,c2c58138,,United States of America
0a2cfe37,0lCPPgO3Uc,,
56306a88,e482156a,,
f748afdd,0ed1e92f,,United States of America
790470a5,cf28f6c0,,United States of America
99193b40,311f57c3,,
22c7b7f7,HR18hgvW4S,Female,
03c4167d,9tu60R7KWP,,
7c61d91c,afd78902,,
26dae66a,f330bae0,,
83a8c567,c241c7ea,,
7a340707,afd78902,,
a193bbed,IjDdbe8L66,Female,
0cd950a7,8ruhF3E51g,,
09fca5d4,8c62bf65,,
cdc26cf5,x9Dz6KWcO3,Male,
7bdbb91d,8ruhF3E51g,,
3b76cf6e,f8420cee,,
c46c927e,2ddc0171,Male,
39d60b03,b5d8b83d,,South Korea
ee24c6dd,754f08d4,Female,
8b87ebf3,cadc11c5,,
bb9590c3,95nYR7APw5,,
b057f9b5,847a5f16,,
0a89e163,0333b930,,
3461337b,c2c58138,,
d37645b0,afd78902,,
c14340bc,afd78902,,
